K_fraction_requested,level,semantic_provenance_tier,K_absolute,K_fraction,capacity_period,capacity_floor,status,nominal_threshold,nominal_operational_threshold,nominal_alert_count,operational_threshold,adjusted_alert_count,adjusted_alert_fraction,adjusted,interpretation_guard,response_count,response_yield,TP,FP,FN,TN,recall,specificity,PPV,NPV,missed_cases,reason
0.01,Low,A,4488,0.009999910874234633,analysis cohort,44.39641831992872,adjusted,17.779760509763356,17.779760509763356,86161.0,44.39641831992872,4457.0,0.009930838406074812,True,capacity changes operational threshold only; semantic provenance is preserved,2040.0,0.4577069777877496,1030.0,3427.0,3657.0,440690.0,0.2197567740558993,0.9922835649164522,0.2310971505496971,0.9917699455605642,3657.0,
0.01,Mid,A,4488,0.009999910874234633,analysis cohort,44.39641831992872,not_adjusted,55.04068978963481,55.04068978963481,1415.0,55.04068978963481,1415.0,0.0031528239498756694,False,capacity changes operational threshold only; semantic provenance is preserved,743.0,0.5250883392226149,415.0,1000.0,4272.0,443117.0,0.08854277789630893,0.9977483410902983,0.29328621908127206,0.9904512627713243,4272.0,
0.01,High,E,4488,0.009999910874234633,analysis cohort,44.39641831992872,unavailable_behavior_threshold,,,,,,,,,,,,,,,,,,,,behavior threshold unavailable; capacity cannot create one
0.02,Low,A,8976,0.019999821748469267,analysis cohort,38.38030237286857,adjusted,17.779760509763356,17.779760509763356,86161.0,38.38030237286857,8752.0,0.019500717462411207,True,capacity changes operational threshold only; semantic provenance is preserved,3346.0,0.3823126142595978,1547.0,7205.0,3140.0,436912.0,0.33006187326648173,0.9837767975555991,0.17675959780621572,0.9928644796524048,3140.0,
0.02,Mid,A,8976,0.019999821748469267,analysis cohort,38.38030237286857,not_adjusted,55.04068978963481,55.04068978963481,1415.0,55.04068978963481,1415.0,0.0031528239498756694,False,capacity changes operational threshold only; semantic provenance is preserved,743.0,0.5250883392226149,415.0,1000.0,4272.0,443117.0,0.08854277789630893,0.9977483410902983,0.29328621908127206,0.9904512627713243,4272.0,
0.02,High,E,8976,0.019999821748469267,analysis cohort,38.38030237286857,unavailable_behavior_threshold,,,,,,,,,,,,,,,,,,,,behavior threshold unavailable; capacity cannot create one
0.05,Low,A,22440,0.04999955437117316,analysis cohort,31.936370298619053,adjusted,17.779760509763356,17.779760509763356,86161.0,31.936370298619053,22365.0,0.04983244356110908,True,capacity changes operational threshold only; semantic provenance is preserved,5932.0,0.2652358596020568,2391.0,19974.0,2296.0,424143.0,0.5101344143375294,0.9550253649376178,0.10690811535881958,0.994615877065653,2296.0,
0.05,Mid,A,22440,0.04999955437117316,analysis cohort,31.936370298619053,not_adjusted,55.04068978963481,55.04068978963481,1415.0,55.04068978963481,1415.0,0.0031528239498756694,False,capacity changes operational threshold only; semantic provenance is preserved,743.0,0.5250883392226149,415.0,1000.0,4272.0,443117.0,0.08854277789630893,0.9977483410902983,0.29328621908127206,0.9904512627713243,4272.0,
0.05,High,E,22440,0.04999955437117316,analysis cohort,31.936370298619053,unavailable_behavior_threshold,,,,,,,,,,,,,,,,,,,,behavior threshold unavailable; capacity cannot create one
0.1,Low,A,44880,0.09999910874234633,analysis cohort,25.09861374777961,adjusted,17.779760509763356,17.779760509763356,86161.0,25.09861374777961,44218.0,0.09852407732551403,True,capacity changes operational threshold only; semantic provenance is preserved,9277.0,0.2098014383282826,3309.0,40909.0,1378.0,403208.0,0.705995306165991,0.9078868856630122,0.07483377809941653,0.9965940492256282,1378.0,
0.1,Mid,A,44880,0.09999910874234633,analysis cohort,25.09861374777961,not_adjusted,55.04068978963481,55.04068978963481,1415.0,55.04068978963481,1415.0,0.0031528239498756694,False,capacity changes operational threshold only; semantic provenance is preserved,743.0,0.5250883392226149,415.0,1000.0,4272.0,443117.0,0.08854277789630893,0.9977483410902983,0.29328621908127206,0.9904512627713243,4272.0,
0.1,High,E,44880,0.09999910874234633,analysis cohort,25.09861374777961,unavailable_behavior_threshold,,,,,,,,,,,,,,,,,,,,behavior threshold unavailable; capacity cannot create one
0.2,Low,A,89760,0.19999821748469265,analysis cohort,16.68638553349449,not_adjusted,17.779760509763356,17.779760509763356,86161.0,17.779760509763356,86161.0,0.19197912674575093,False,capacity changes operational threshold only; semantic provenance is preserved,13284.0,0.15417648355984725,3959.0,82202.0,728.0,361915.0,0.8446767655216556,0.814909134304699,0.04594886317475424,0.9979925160557352,728.0,
0.2,Mid,A,89760,0.19999821748469265,analysis cohort,16.68638553349449,not_adjusted,55.04068978963481,55.04068978963481,1415.0,55.04068978963481,1415.0,0.0031528239498756694,False,capacity changes operational threshold only; semantic provenance is preserved,743.0,0.5250883392226149,415.0,1000.0,4272.0,443117.0,0.08854277789630893,0.9977483410902983,0.29328621908127206,0.9904512627713243,4272.0,
0.2,High,E,89760,0.19999821748469265,analysis cohort,16.68638553349449,unavailable_behavior_threshold,,,,,,,,,,,,,,,,,,,,behavior threshold unavailable; capacity cannot create one
0.3,Low,A,134641,0.29999955437117315,analysis cohort,13.82374508423486,not_adjusted,17.779760509763356,17.779760509763356,86161.0,17.779760509763356,86161.0,0.19197912674575093,False,capacity changes operational threshold only; semantic provenance is preserved,13284.0,0.15417648355984725,3959.0,82202.0,728.0,361915.0,0.8446767655216556,0.814909134304699,0.04594886317475424,0.9979925160557352,728.0,
0.3,Mid,A,134641,0.29999955437117315,analysis cohort,13.82374508423486,not_adjusted,55.04068978963481,55.04068978963481,1415.0,55.04068978963481,1415.0,0.0031528239498756694,False,capacity changes operational threshold only; semantic provenance is preserved,743.0,0.5250883392226149,415.0,1000.0,4272.0,443117.0,0.08854277789630893,0.9977483410902983,0.29328621908127206,0.9904512627713243,4272.0,
0.3,High,E,134641,0.29999955437117315,analysis cohort,13.82374508423486,unavailable_behavior_threshold,,,,,,,,,,,,,,,,,,,,behavior threshold unavailable; capacity cannot create one
