score,observed_rate,count,isotonic_rate
0.0,0.031246848209783157,158640,0.031246848209783157
2.5,0.05728449462957863,14524,0.038117864726783426
5.0,0.03466415225428649,80602,0.038117864726783426
7.5,0.05304415991638359,7654,0.043926918047849595
10.0,0.0425010216591745,48940,0.043926918047849595
12.5,0.06707427810400145,16519,0.05818334831589618
15.0,0.054076725198523655,35764,0.05818334831589618
17.5,0.08155673995114368,18012,0.08155673995114368
20.0,0.11222507188932929,12867,0.10747582120763266
22.5,0.10141766630316248,10087,0.10747582120763266
25.0,0.12787226657410622,14405,0.12787226657410622
27.5,0.15749751737835155,5035,0.15749751737835155
30.0,0.22594033722438392,3855,0.1699566322715717
32.5,0.14728437861119867,9519,0.1699566322715717
35.0,0.28452579034941766,3005,0.27584905660377357
37.5,0.2644880174291939,2295,0.27584905660377357
40.0,0.3557575757575758,1650,0.3542713567839196
42.5,0.352112676056338,1136,0.3542713567839196
45.0,0.39883268482490275,1028,0.39883268482490275
47.5,0.42581423401688784,829,0.42581423401688784
50.0,0.4728813559322034,590,0.4728813559322034
52.5,0.47575057736720555,433,0.47575057736720555
55.0,0.5362776025236593,317,0.5097799511002445
57.5,0.48736462093862815,277,0.5097799511002445
60.0,0.5,224,0.5097799511002445
62.5,0.558974358974359,195,0.5286624203821656
65.0,0.4789915966386555,119,0.5286624203821656
67.5,0.58,100,0.5490196078431373
70.0,0.49056603773584906,53,0.5490196078431373
