cohort,R,delta_FAE_per_1000_31_minus_27,equality_R
MIMIC held-out,5.0,-82.27996988896557,17.1869918699187
MIMIC held-out,10.0,-48.52267737281225,17.1869918699187
MIMIC held-out,14.053482587064677,-21.155757892677006,17.1869918699187
MIMIC held-out,15.0,-14.76538485665893,17.1869918699187
MIMIC held-out,20.0,18.991907659494384,17.1869918699187
MIMIC held-out,25.0,52.7492001756477,17.1869918699187
MIMIC held-out,30.0,86.50649269180101,17.1869918699187
Stanford transport,5.0,-103.67022849178528,22.507845934379457
Stanford transport,10.0,-74.06343709084766,22.507845934379457
Stanford transport,14.053482587064677,-50.06131441033629,22.507845934379457
Stanford transport,15.0,-44.45664568991004,22.507845934379457
Stanford transport,20.0,-14.84985428897242,22.507845934379457
Stanford transport,25.0,14.756937111965199,22.507845934379457
Stanford transport,30.0,44.36372851290282,22.507845934379457
