R,unconstrained_threshold,low_ceiling_threshold,learning_N,Low_alert_ceiling
1,66,66,297476,109888
2,54,54,297476,109888
3,48,48,297476,109888
4,46,46,297476,109888
5,43,43,297476,109888
6,40,40,297476,109888
7,40,40,297476,109888
8,37,37,297476,109888
9,34,34,297476,109888
10,34,34,297476,109888
11,31,31,297476,109888
12,31,31,297476,109888
13,31,31,297476,109888
14,31,31,297476,109888
14.05348,31,31,297476,109888
14.053482587064677,31,31,297476,109888
15,28,28,297476,109888
16,28,28,297476,109888
17,28,28,297476,109888
18,26,28,297476,109888
19,26,28,297476,109888
20,26,28,297476,109888
22,26,28,297476,109888
25,26,27,297476,109888
30,26,27,297476,109888
40,23,27,297476,109888
50,20,27,297476,109888
75,20,27,297476,109888
100,17,27,297476,109888
