cohort,threshold,flagged_N,action_known_flagged_N,action_positive_flagged_N,observed_action_yield
MIMIC learning,27,109888,109469,53910,0.49246818734070835
MIMIC learning,31,73550,73253,40672,0.5552264071096065
MIMIC learning,36,48437,48238,29506,0.6116754425971226
MIMIC learning,51,6815,6803,5981,0.8791709539908864
MIMIC held-out,27,46611,46450,22560,0.48568353067814857
MIMIC held-out,31,30952,30834,16909,0.5483881429590711
MIMIC held-out,36,20012,19930,12062,0.605218263923733
MIMIC held-out,51,2742,2739,2426,0.8857247170500182
Stanford transport,27,42115,42115,20701,0.49153508251216904
Stanford transport,31,25636,25636,14696,0.5732563582462162
Stanford transport,36,15037,15037,9987,0.6641617343885083
Stanford transport,51,2260,2260,2030,0.8982300884955752
