window_hours,ecg_variant,split,N,events,hadm_positive,hadm_negative,raw_admitted,raw_home,raw_missing,baseline_score_min,baseline_score_max
3,logic_patch,all,2863,292,1806,1057,833,1958,72,0.0,7.0
3,logic_patch,development,1951,203,1225,726,572,1339,40,0.0,7.0
3,logic_patch,test,912,89,581,331,261,619,32,0.0,7.0
3,conservative,all,1068,74,755,313,235,801,32,0.0,6.0
3,conservative,development,713,49,504,209,156,538,19,0.0,6.0
3,conservative,test,355,25,251,104,79,263,13,0.0,4.0
3,report_evidence_strict,all,2489,379,1897,592,993,1424,72,0.0,7.0
3,report_evidence_strict,development,1704,262,1294,410,688,973,43,0.0,7.0
3,report_evidence_strict,test,785,117,603,182,305,451,29,0.0,7.0
3,report_evidence_proxy,all,3383,463,2322,1061,1248,2042,93,0.0,7.0
3,report_evidence_proxy,development,2332,323,1588,744,872,1407,53,0.0,7.0
3,report_evidence_proxy,test,1051,140,734,317,376,635,40,0.0,7.0
6,logic_patch,all,4627,364,2685,1942,1175,3322,130,0.0,7.0
6,logic_patch,development,3193,256,1853,1340,829,2287,77,0.0,7.0
6,logic_patch,test,1434,108,832,602,346,1035,53,0.0,7.0
6,conservative,all,1578,88,1064,514,330,1206,42,0.0,6.0
6,conservative,development,1067,59,716,351,219,821,27,0.0,6.0
6,conservative,test,511,29,348,163,111,385,15,0.0,4.0
6,report_evidence_strict,all,3581,449,2614,967,1315,2161,105,0.0,7.0
6,report_evidence_strict,development,2478,315,1803,675,918,1490,70,0.0,7.0
6,report_evidence_strict,test,1103,134,811,292,397,671,35,0.0,7.0
6,report_evidence_proxy,all,5239,561,3361,1878,1713,3370,156,0.0,7.0
6,report_evidence_proxy,development,3639,395,2325,1314,1210,2333,96,0.0,7.0
6,report_evidence_proxy,test,1600,166,1036,564,503,1037,60,0.0,7.0
