window_hours,ecg_variant,component,value,N
3,logic_patch,age_score,1.0,1472
3,logic_patch,age_score,2.0,775
3,logic_patch,age_score,0.0,616
3,logic_patch,risk_baseline,0.0,2143
3,logic_patch,risk_baseline,1.0,552
3,logic_patch,risk_baseline,2.0,168
3,logic_patch,risk_expanded_coded,0.0,2116
3,logic_patch,risk_expanded_coded,2.0,407
3,logic_patch,risk_expanded_coded,1.0,340
3,logic_patch,troponin_score,0.0,2630
3,logic_patch,troponin_score,2.0,174
3,logic_patch,troponin_score,1.0,59
3,logic_patch,logic_patch_score,0.0,2788
3,logic_patch,logic_patch_score,1.0,70
3,logic_patch,logic_patch_score,2.0,5
3,conservative,age_score,1.0,604
3,conservative,age_score,2.0,239
3,conservative,age_score,0.0,225
3,conservative,risk_baseline,0.0,791
3,conservative,risk_baseline,1.0,235
3,conservative,risk_baseline,2.0,42
3,conservative,risk_expanded_coded,0.0,783
3,conservative,risk_expanded_coded,2.0,149
3,conservative,risk_expanded_coded,1.0,136
3,conservative,troponin_score,0.0,1025
3,conservative,troponin_score,2.0,34
3,conservative,troponin_score,1.0,9
3,conservative,conservative_candidate_score,0.0,1058
3,conservative,conservative_candidate_score,1.0,10
3,report_evidence_strict,age_score,1.0,1152
3,report_evidence_strict,age_score,2.0,1003
3,report_evidence_strict,age_score,0.0,334
3,report_evidence_strict,risk_baseline,0.0,1611
3,report_evidence_strict,risk_baseline,1.0,616
3,report_evidence_strict,risk_baseline,2.0,262
3,report_evidence_strict,risk_expanded_coded,0.0,1588
3,report_evidence_strict,risk_expanded_coded,2.0,577
3,report_evidence_strict,risk_expanded_coded,1.0,324
3,report_evidence_strict,troponin_score,0.0,2156
3,report_evidence_strict,troponin_score,2.0,252
3,report_evidence_strict,troponin_score,1.0,81
3,report_evidence_strict,report_evidence_strict_score,1.0,1485
3,report_evidence_strict,report_evidence_strict_score,0.0,1004
3,report_evidence_proxy,age_score,1.0,1574
3,report_evidence_proxy,age_score,2.0,1246
3,report_evidence_proxy,age_score,0.0,563
3,report_evidence_proxy,risk_baseline,0.0,2322
3,report_evidence_proxy,risk_baseline,1.0,757
3,report_evidence_proxy,risk_baseline,2.0,304
3,report_evidence_proxy,risk_expanded_coded,0.0,2287
3,report_evidence_proxy,risk_expanded_coded,2.0,681
3,report_evidence_proxy,risk_expanded_coded,1.0,415
3,report_evidence_proxy,troponin_score,0.0,2971
3,report_evidence_proxy,troponin_score,2.0,305
3,report_evidence_proxy,troponin_score,1.0,107
3,report_evidence_proxy,report_evidence_proxy_score,0.0,1898
3,report_evidence_proxy,report_evidence_proxy_score,1.0,1485
6,logic_patch,age_score,1.0,2298
6,logic_patch,age_score,0.0,1179
6,logic_patch,age_score,2.0,1150
6,logic_patch,risk_baseline,0.0,3510
6,logic_patch,risk_baseline,1.0,886
6,logic_patch,risk_baseline,2.0,231
6,logic_patch,risk_expanded_coded,0.0,3467
6,logic_patch,risk_expanded_coded,1.0,582
6,logic_patch,risk_expanded_coded,2.0,578
6,logic_patch,troponin_score,0.0,4320
6,logic_patch,troponin_score,2.0,228
6,logic_patch,troponin_score,1.0,79
6,logic_patch,logic_patch_score,0.0,4524
6,logic_patch,logic_patch_score,1.0,97
6,logic_patch,logic_patch_score,2.0,6
6,conservative,age_score,1.0,865
6,conservative,age_score,0.0,379
6,conservative,age_score,2.0,334
6,conservative,risk_baseline,0.0,1172
6,conservative,risk_baseline,1.0,343
6,conservative,risk_baseline,2.0,63
6,conservative,risk_expanded_coded,0.0,1159
6,conservative,risk_expanded_coded,2.0,210
6,conservative,risk_expanded_coded,1.0,209
6,conservative,troponin_score,0.0,1527
6,conservative,troponin_score,2.0,40
6,conservative,troponin_score,1.0,11
6,conservative,conservative_candidate_score,0.0,1567
6,conservative,conservative_candidate_score,1.0,11
6,report_evidence_strict,age_score,1.0,1660
6,report_evidence_strict,age_score,2.0,1362
6,report_evidence_strict,age_score,0.0,559
6,report_evidence_strict,risk_baseline,0.0,2353
6,report_evidence_strict,risk_baseline,1.0,879
6,report_evidence_strict,risk_baseline,2.0,349
6,report_evidence_strict,risk_expanded_coded,0.0,2316
6,report_evidence_strict,risk_expanded_coded,2.0,773
6,report_evidence_strict,risk_expanded_coded,1.0,492
6,report_evidence_strict,troponin_score,0.0,3150
6,report_evidence_strict,troponin_score,2.0,328
6,report_evidence_strict,troponin_score,1.0,103
6,report_evidence_strict,report_evidence_strict_score,1.0,2086
6,report_evidence_strict,report_evidence_strict_score,0.0,1495
6,report_evidence_proxy,age_score,1.0,2421
6,report_evidence_proxy,age_score,2.0,1766
6,report_evidence_proxy,age_score,0.0,1052
6,report_evidence_proxy,risk_baseline,0.0,3684
6,report_evidence_proxy,risk_baseline,1.0,1138
6,report_evidence_proxy,risk_baseline,2.0,417
6,report_evidence_proxy,risk_expanded_coded,0.0,3631
6,report_evidence_proxy,risk_expanded_coded,2.0,935
6,report_evidence_proxy,risk_expanded_coded,1.0,673
6,report_evidence_proxy,troponin_score,0.0,4703
6,report_evidence_proxy,troponin_score,2.0,398
6,report_evidence_proxy,troponin_score,1.0,138
6,report_evidence_proxy,report_evidence_proxy_score,0.0,3153
6,report_evidence_proxy,report_evidence_proxy_score,1.0,2086
