window_hours,ecg_variant,split,parent_N,identity_eligible_N,age_available_N,risk_available_N,ECG_timed_N,ECG_timed_classified_N,troponin_timed_classified_N,complete_N,complete_fraction
3,logic_patch,all,21794,20603,21794,21794,17061,7341,9589,2863,0.13136643112783336
3,logic_patch,development,15181,14345,15181,15181,11902,5104,6615,1951,0.12851590804294843
3,logic_patch,test,6613,6258,6613,6613,5159,2237,2974,912,0.13791017692424012
3,conservative,all,21794,20603,21794,21794,17061,2559,9589,1068,0.04900431311370102
3,conservative,development,15181,14345,15181,15181,11902,1779,6615,713,0.04696660299058033
3,conservative,test,6613,6258,6613,6613,5159,780,2974,355,0.053682141236957505
3,report_evidence_strict,all,21794,20603,21794,21794,17061,5063,9589,2489,0.11420574470037625
3,report_evidence_strict,development,15181,14345,15181,15181,11902,3540,6615,1704,0.11224557012054542
3,report_evidence_strict,test,6613,6258,6613,6613,5159,1523,2974,785,0.11870557991834266
3,report_evidence_proxy,all,21794,20603,21794,21794,17061,7797,9589,3383,0.15522620904836193
3,report_evidence_proxy,development,15181,14345,15181,15181,11902,5451,6615,2332,0.15361306896778867
3,report_evidence_proxy,test,6613,6258,6613,6613,5159,2346,2974,1051,0.15892938152124603
6,logic_patch,all,21794,20603,21794,21794,17158,7382,14392,4627,0.2123061393043957
6,logic_patch,development,15181,14345,15181,15181,11975,5136,9964,3193,0.2103287003491206
6,logic_patch,test,6613,6258,6613,6613,5183,2246,4428,1434,0.21684560713745651
6,conservative,all,21794,20603,21794,21794,17158,2571,14392,1578,0.07240524915114252
6,conservative,development,15181,14345,15181,15181,11975,1789,9964,1067,0.07028522495224293
6,conservative,test,6613,6258,6613,6613,5183,782,4428,511,0.07727203992136701
6,report_evidence_strict,all,21794,20603,21794,21794,17158,5087,14392,3581,0.16431127833348627
6,report_evidence_strict,development,15181,14345,15181,15181,11975,3558,9964,2478,0.16323035373163824
6,report_evidence_strict,test,6613,6258,6613,6613,5183,1529,4428,1103,0.16679268108271586
6,report_evidence_proxy,all,21794,20603,21794,21794,17158,7839,14392,5239,0.2403872625493255
6,report_evidence_proxy,development,15181,14345,15181,15181,11975,5485,9964,3639,0.23970752914827745
6,report_evidence_proxy,test,6613,6258,6613,6613,5183,2354,4428,1600,0.24194767881445636
