window_hours,ecg_variant,split,completeness,N,age_mean,female_fraction,index_ACS_MI_fraction,hadm_presence_fraction,raw_disposition_observed_N,raw_admitted_fraction_among_known
3,logic_patch,all,included,2863,55.38665735242753,0.5130981487949703,0.10199091861683549,0.6308068459657702,2791,0.29845933357219634
3,logic_patch,all,excluded,18931,54.15720247213565,0.5284982304157202,0.1024774179916539,0.5273361153663304,16716,0.3679708064130175
3,logic_patch,development,included,1951,55.38288057406458,0.4971809328549462,0.10404920553562276,0.627883136852896,1911,0.29931972789115646
3,logic_patch,development,excluded,13230,54.06402116402116,0.5318216175359033,0.10506424792139078,0.5250188964474679,11654,0.3711172129740862
3,logic_patch,test,included,912,55.39473684210526,0.5471491228070176,0.09758771929824561,0.6370614035087719,880,0.29659090909090907
3,logic_patch,test,excluded,5701,54.3734432555692,0.5207858270478863,0.09647430275390283,0.5327135590247325,5062,0.36072698538127224
3,conservative,all,included,1068,54.56647940074907,0.48408239700374533,0.06928838951310862,0.7069288389513109,1036,0.22683397683397682
3,conservative,all,excluded,20726,54.30594422464537,0.528659654540191,0.1041204284473608,0.5323747949435491,18471,0.3653835742515294
3,conservative,development,included,713,54.50210378681627,0.46143057503506313,0.06872370266479663,0.7068723702664796,694,0.22478386167146974
3,conservative,development,excluded,14468,54.22027923693669,0.530619297760575,0.10671827481338125,0.529928117224219,12871,0.3683474477507575
3,conservative,test,included,355,54.695774647887326,0.5295774647887324,0.07042253521126761,0.7070422535211267,342,0.2309941520467836
3,conservative,test,excluded,6258,54.50399488654522,0.5241291147331416,0.09811441355065516,0.5380313199105146,5600,0.3585714285714286
3,report_evidence_strict,all,included,2489,60.96424266773805,0.4724789071916432,0.15226998794696664,0.7621534752912816,2417,0.4108398841539098
3,report_evidence_strict,all,excluded,19305,53.46190106190106,0.5334369334369334,0.09598549598549598,0.5124061124061124,17090,0.35055588063194854
3,report_evidence_strict,development,included,1704,61.0099765258216,0.47593896713615025,0.15375586854460094,0.7593896713615024,1661,0.41420830824804333
3,report_evidence_strict,development,excluded,13477,53.37671588632485,0.5338725235586554,0.09876085182162202,0.5102767678266676,11904,0.35357862903225806
3,report_evidence_strict,test,included,785,60.86496815286624,0.46496815286624205,0.14904458598726114,0.7681528662420383,756,0.40343915343915343
3,report_evidence_strict,test,excluded,5828,53.65888812628689,0.5324296499656829,0.08956760466712423,0.5173301304049417,5186,0.3436174315464713
3,report_evidence_proxy,all,included,3383,59.19361513449601,0.4971918415607449,0.136860774460538,0.6863730416789832,3290,0.37933130699088147
3,report_evidence_proxy,all,excluded,18411,53.422953669002226,0.5318559556786704,0.0960838629080441,0.5142034653196459,16217,0.3537029043596226
3,report_evidence_proxy,development,included,2332,59.28945111492281,0.49313893653516294,0.13850771869639794,0.6809605488850772,2279,0.3826239578762615
3,report_evidence_proxy,development,excluded,12849,53.315900070044364,0.5335823799517472,0.09884037668301035,0.5123355903183127,11286,0.35663654084706714
3,report_evidence_proxy,test,included,1051,58.980970504281636,0.5061845861084682,0.13320647002854424,0.698382492863939,1011,0.37190900098911966
3,report_evidence_proxy,test,excluded,5562,53.67026249550521,0.5278676734987414,0.08971592952175476,0.5185185185185185,4931,0.3469884404786047
6,logic_patch,all,included,4627,53.96974281391831,0.5476550680786687,0.07866868381240545,0.5802896044953534,4497,0.2612853013119858
6,logic_patch,all,excluded,17167,54.41276868410322,0.520766587056562,0.10881342109861944,0.5303197996155414,15010,0.38700866089273817
6,logic_patch,development,included,3193,53.978390228625116,0.5399310992796743,0.08017538365173818,0.580331976197933,3116,0.2660462130937099
6,logic_patch,development,excluded,11988,54.30146813480147,0.524024024024024,0.1115281948615282,0.527027027027027,10449,0.38931955211024977
6,logic_patch,test,included,1434,53.950488145048816,0.5648535564853556,0.07531380753138076,0.5801952580195258,1381,0.2505430847212165
6,logic_patch,test,excluded,5179,54.67039969106005,0.5132264916006951,0.10252944583896505,0.5379416875844758,4561,0.38171453628590224
6,conservative,all,included,1578,53.52724968314322,0.514575411913815,0.05576679340937896,0.6742712294043093,1536,0.21484375
6,conservative,all,excluded,20216,54.380490700435296,0.5274040364068064,0.10605461020973486,0.5305203798971112,17971,0.37026320182516276
6,conservative,development,included,1067,53.424554826616685,0.5098406747891284,0.05529522024367385,0.6710402999062793,1040,0.21057692307692308
6,conservative,development,excluded,14114,54.29467195692221,0.5286949128524869,0.10868641065608615,0.5281989513957772,12525,0.37349301397205587
6,conservative,test,included,511,53.74168297455969,0.5244618395303327,0.05675146771037182,0.6810176125244618,496,0.22379032258064516
6,conservative,test,excluded,6102,54.5789904949197,0.5244182235332678,0.09996722386102917,0.5358898721730581,5446,0.3628351083363937
6,report_evidence_strict,all,included,3581,59.85032113934655,0.502652890254119,0.12538397095783302,0.7299636972912594,3476,0.3783084004602992
6,report_evidence_strict,all,excluded,18213,53.231098665788174,0.5311590622083128,0.09789710646241695,0.5037610497995937,16031,0.35362734701515813
6,report_evidence_strict,development,included,2478,59.904761904761905,0.5104923325262308,0.1271186440677966,0.7276029055690073,2408,0.3812292358803987
6,report_evidence_strict,development,excluded,12703,53.12721404392663,0.5306620483350389,0.10060615602613555,0.5012989057702905,11157,0.35663708882316036
6,report_evidence_strict,test,included,1103,59.72801450589302,0.485040797824116,0.1214868540344515,0.7352674524025385,1068,0.3717228464419476
6,report_evidence_strict,test,excluded,5510,53.47059891107078,0.5323049001814882,0.09165154264972777,0.5094373865698729,4874,0.34673779236766517
6,report_evidence_proxy,all,included,5239,57.61175796907807,0.5333078831838137,0.10708150410383661,0.6415346440160336,5083,0.3370057052921503
6,report_evidence_proxy,all,excluded,16555,53.276593174267596,0.5243128964059197,0.10093627302929628,0.509090909090909,14424,0.365432612312812
6,report_evidence_proxy,development,included,3639,57.67628469359714,0.5333882934872217,0.108546303929651,0.638911788953009,3543,0.3415184871577759
6,report_evidence_proxy,development,excluded,11542,53.148067925836074,0.5254721885288511,0.1037948362502166,0.5064980072777682,10022,0.3678906405907005
6,report_evidence_proxy,test,included,1600,57.465,0.533125,0.10375,0.6475,1540,0.32662337662337665
6,report_evidence_proxy,test,excluded,5013,53.57251147017754,0.5216437263115898,0.09435467783762218,0.5150608418112906,4402,0.3598364379827351
