analysis,window_hours,ecg_variant,risk_variant,response_definition,split,hadm_response,raw_response,N
3h_report_evidence_proxy_baseline_hadm,3,report_evidence_proxy,baseline,hadm,all,0,0,1009
3h_report_evidence_proxy_baseline_hadm,3,report_evidence_proxy,baseline,hadm,all,0,1,4
3h_report_evidence_proxy_baseline_hadm,3,report_evidence_proxy,baseline,hadm,all,0,missing_other,48
3h_report_evidence_proxy_baseline_hadm,3,report_evidence_proxy,baseline,hadm,all,1,0,1033
3h_report_evidence_proxy_baseline_hadm,3,report_evidence_proxy,baseline,hadm,all,1,1,1244
3h_report_evidence_proxy_baseline_hadm,3,report_evidence_proxy,baseline,hadm,all,1,missing_other,45
3h_report_evidence_proxy_baseline_hadm,3,report_evidence_proxy,baseline,hadm,development,0,0,715
3h_report_evidence_proxy_baseline_hadm,3,report_evidence_proxy,baseline,hadm,development,0,1,3
3h_report_evidence_proxy_baseline_hadm,3,report_evidence_proxy,baseline,hadm,development,0,missing_other,26
3h_report_evidence_proxy_baseline_hadm,3,report_evidence_proxy,baseline,hadm,development,1,0,692
3h_report_evidence_proxy_baseline_hadm,3,report_evidence_proxy,baseline,hadm,development,1,1,869
3h_report_evidence_proxy_baseline_hadm,3,report_evidence_proxy,baseline,hadm,development,1,missing_other,27
3h_report_evidence_proxy_baseline_hadm,3,report_evidence_proxy,baseline,hadm,test,0,0,294
3h_report_evidence_proxy_baseline_hadm,3,report_evidence_proxy,baseline,hadm,test,0,1,1
3h_report_evidence_proxy_baseline_hadm,3,report_evidence_proxy,baseline,hadm,test,0,missing_other,22
3h_report_evidence_proxy_baseline_hadm,3,report_evidence_proxy,baseline,hadm,test,1,0,341
3h_report_evidence_proxy_baseline_hadm,3,report_evidence_proxy,baseline,hadm,test,1,1,375
3h_report_evidence_proxy_baseline_hadm,3,report_evidence_proxy,baseline,hadm,test,1,missing_other,18
3h_report_evidence_proxy_expanded_coded_hadm,3,report_evidence_proxy,expanded_coded,hadm,all,0,0,1009
3h_report_evidence_proxy_expanded_coded_hadm,3,report_evidence_proxy,expanded_coded,hadm,all,0,1,4
3h_report_evidence_proxy_expanded_coded_hadm,3,report_evidence_proxy,expanded_coded,hadm,all,0,missing_other,48
3h_report_evidence_proxy_expanded_coded_hadm,3,report_evidence_proxy,expanded_coded,hadm,all,1,0,1033
3h_report_evidence_proxy_expanded_coded_hadm,3,report_evidence_proxy,expanded_coded,hadm,all,1,1,1244
3h_report_evidence_proxy_expanded_coded_hadm,3,report_evidence_proxy,expanded_coded,hadm,all,1,missing_other,45
3h_report_evidence_proxy_expanded_coded_hadm,3,report_evidence_proxy,expanded_coded,hadm,development,0,0,715
3h_report_evidence_proxy_expanded_coded_hadm,3,report_evidence_proxy,expanded_coded,hadm,development,0,1,3
3h_report_evidence_proxy_expanded_coded_hadm,3,report_evidence_proxy,expanded_coded,hadm,development,0,missing_other,26
3h_report_evidence_proxy_expanded_coded_hadm,3,report_evidence_proxy,expanded_coded,hadm,development,1,0,692
3h_report_evidence_proxy_expanded_coded_hadm,3,report_evidence_proxy,expanded_coded,hadm,development,1,1,869
3h_report_evidence_proxy_expanded_coded_hadm,3,report_evidence_proxy,expanded_coded,hadm,development,1,missing_other,27
3h_report_evidence_proxy_expanded_coded_hadm,3,report_evidence_proxy,expanded_coded,hadm,test,0,0,294
3h_report_evidence_proxy_expanded_coded_hadm,3,report_evidence_proxy,expanded_coded,hadm,test,0,1,1
3h_report_evidence_proxy_expanded_coded_hadm,3,report_evidence_proxy,expanded_coded,hadm,test,0,missing_other,22
3h_report_evidence_proxy_expanded_coded_hadm,3,report_evidence_proxy,expanded_coded,hadm,test,1,0,341
3h_report_evidence_proxy_expanded_coded_hadm,3,report_evidence_proxy,expanded_coded,hadm,test,1,1,375
3h_report_evidence_proxy_expanded_coded_hadm,3,report_evidence_proxy,expanded_coded,hadm,test,1,missing_other,18
3h_report_evidence_strict_baseline_hadm,3,report_evidence_strict,baseline,hadm,all,0,0,557
3h_report_evidence_strict_baseline_hadm,3,report_evidence_strict,baseline,hadm,all,0,1,2
3h_report_evidence_strict_baseline_hadm,3,report_evidence_strict,baseline,hadm,all,0,missing_other,33
3h_report_evidence_strict_baseline_hadm,3,report_evidence_strict,baseline,hadm,all,1,0,867
3h_report_evidence_strict_baseline_hadm,3,report_evidence_strict,baseline,hadm,all,1,1,991
3h_report_evidence_strict_baseline_hadm,3,report_evidence_strict,baseline,hadm,all,1,missing_other,39
3h_report_evidence_strict_baseline_hadm,3,report_evidence_strict,baseline,hadm,development,0,0,388
3h_report_evidence_strict_baseline_hadm,3,report_evidence_strict,baseline,hadm,development,0,1,2
3h_report_evidence_strict_baseline_hadm,3,report_evidence_strict,baseline,hadm,development,0,missing_other,20
3h_report_evidence_strict_baseline_hadm,3,report_evidence_strict,baseline,hadm,development,1,0,585
3h_report_evidence_strict_baseline_hadm,3,report_evidence_strict,baseline,hadm,development,1,1,686
3h_report_evidence_strict_baseline_hadm,3,report_evidence_strict,baseline,hadm,development,1,missing_other,23
3h_report_evidence_strict_baseline_hadm,3,report_evidence_strict,baseline,hadm,test,0,0,169
3h_report_evidence_strict_baseline_hadm,3,report_evidence_strict,baseline,hadm,test,0,1,0
3h_report_evidence_strict_baseline_hadm,3,report_evidence_strict,baseline,hadm,test,0,missing_other,13
3h_report_evidence_strict_baseline_hadm,3,report_evidence_strict,baseline,hadm,test,1,0,282
3h_report_evidence_strict_baseline_hadm,3,report_evidence_strict,baseline,hadm,test,1,1,305
3h_report_evidence_strict_baseline_hadm,3,report_evidence_strict,baseline,hadm,test,1,missing_other,16
3h_report_evidence_strict_expanded_coded_hadm,3,report_evidence_strict,expanded_coded,hadm,all,0,0,557
3h_report_evidence_strict_expanded_coded_hadm,3,report_evidence_strict,expanded_coded,hadm,all,0,1,2
3h_report_evidence_strict_expanded_coded_hadm,3,report_evidence_strict,expanded_coded,hadm,all,0,missing_other,33
3h_report_evidence_strict_expanded_coded_hadm,3,report_evidence_strict,expanded_coded,hadm,all,1,0,867
3h_report_evidence_strict_expanded_coded_hadm,3,report_evidence_strict,expanded_coded,hadm,all,1,1,991
3h_report_evidence_strict_expanded_coded_hadm,3,report_evidence_strict,expanded_coded,hadm,all,1,missing_other,39
3h_report_evidence_strict_expanded_coded_hadm,3,report_evidence_strict,expanded_coded,hadm,development,0,0,388
3h_report_evidence_strict_expanded_coded_hadm,3,report_evidence_strict,expanded_coded,hadm,development,0,1,2
3h_report_evidence_strict_expanded_coded_hadm,3,report_evidence_strict,expanded_coded,hadm,development,0,missing_other,20
3h_report_evidence_strict_expanded_coded_hadm,3,report_evidence_strict,expanded_coded,hadm,development,1,0,585
3h_report_evidence_strict_expanded_coded_hadm,3,report_evidence_strict,expanded_coded,hadm,development,1,1,686
3h_report_evidence_strict_expanded_coded_hadm,3,report_evidence_strict,expanded_coded,hadm,development,1,missing_other,23
3h_report_evidence_strict_expanded_coded_hadm,3,report_evidence_strict,expanded_coded,hadm,test,0,0,169
3h_report_evidence_strict_expanded_coded_hadm,3,report_evidence_strict,expanded_coded,hadm,test,0,1,0
3h_report_evidence_strict_expanded_coded_hadm,3,report_evidence_strict,expanded_coded,hadm,test,0,missing_other,13
3h_report_evidence_strict_expanded_coded_hadm,3,report_evidence_strict,expanded_coded,hadm,test,1,0,282
3h_report_evidence_strict_expanded_coded_hadm,3,report_evidence_strict,expanded_coded,hadm,test,1,1,305
3h_report_evidence_strict_expanded_coded_hadm,3,report_evidence_strict,expanded_coded,hadm,test,1,missing_other,16
6h_report_evidence_proxy_baseline_hadm,6,report_evidence_proxy,baseline,hadm,all,0,0,1792
6h_report_evidence_proxy_baseline_hadm,6,report_evidence_proxy,baseline,hadm,all,0,1,6
6h_report_evidence_proxy_baseline_hadm,6,report_evidence_proxy,baseline,hadm,all,0,missing_other,80
6h_report_evidence_proxy_baseline_hadm,6,report_evidence_proxy,baseline,hadm,all,1,0,1578
6h_report_evidence_proxy_baseline_hadm,6,report_evidence_proxy,baseline,hadm,all,1,1,1707
6h_report_evidence_proxy_baseline_hadm,6,report_evidence_proxy,baseline,hadm,all,1,missing_other,76
6h_report_evidence_proxy_baseline_hadm,6,report_evidence_proxy,baseline,hadm,development,0,0,1262
6h_report_evidence_proxy_baseline_hadm,6,report_evidence_proxy,baseline,hadm,development,0,1,4
6h_report_evidence_proxy_baseline_hadm,6,report_evidence_proxy,baseline,hadm,development,0,missing_other,48
6h_report_evidence_proxy_baseline_hadm,6,report_evidence_proxy,baseline,hadm,development,1,0,1071
6h_report_evidence_proxy_baseline_hadm,6,report_evidence_proxy,baseline,hadm,development,1,1,1206
6h_report_evidence_proxy_baseline_hadm,6,report_evidence_proxy,baseline,hadm,development,1,missing_other,48
6h_report_evidence_proxy_baseline_hadm,6,report_evidence_proxy,baseline,hadm,test,0,0,530
6h_report_evidence_proxy_baseline_hadm,6,report_evidence_proxy,baseline,hadm,test,0,1,2
6h_report_evidence_proxy_baseline_hadm,6,report_evidence_proxy,baseline,hadm,test,0,missing_other,32
6h_report_evidence_proxy_baseline_hadm,6,report_evidence_proxy,baseline,hadm,test,1,0,507
6h_report_evidence_proxy_baseline_hadm,6,report_evidence_proxy,baseline,hadm,test,1,1,501
6h_report_evidence_proxy_baseline_hadm,6,report_evidence_proxy,baseline,hadm,test,1,missing_other,28
6h_report_evidence_proxy_expanded_coded_hadm,6,report_evidence_proxy,expanded_coded,hadm,all,0,0,1792
6h_report_evidence_proxy_expanded_coded_hadm,6,report_evidence_proxy,expanded_coded,hadm,all,0,1,6
6h_report_evidence_proxy_expanded_coded_hadm,6,report_evidence_proxy,expanded_coded,hadm,all,0,missing_other,80
6h_report_evidence_proxy_expanded_coded_hadm,6,report_evidence_proxy,expanded_coded,hadm,all,1,0,1578
6h_report_evidence_proxy_expanded_coded_hadm,6,report_evidence_proxy,expanded_coded,hadm,all,1,1,1707
6h_report_evidence_proxy_expanded_coded_hadm,6,report_evidence_proxy,expanded_coded,hadm,all,1,missing_other,76
6h_report_evidence_proxy_expanded_coded_hadm,6,report_evidence_proxy,expanded_coded,hadm,development,0,0,1262
6h_report_evidence_proxy_expanded_coded_hadm,6,report_evidence_proxy,expanded_coded,hadm,development,0,1,4
6h_report_evidence_proxy_expanded_coded_hadm,6,report_evidence_proxy,expanded_coded,hadm,development,0,missing_other,48
6h_report_evidence_proxy_expanded_coded_hadm,6,report_evidence_proxy,expanded_coded,hadm,development,1,0,1071
6h_report_evidence_proxy_expanded_coded_hadm,6,report_evidence_proxy,expanded_coded,hadm,development,1,1,1206
6h_report_evidence_proxy_expanded_coded_hadm,6,report_evidence_proxy,expanded_coded,hadm,development,1,missing_other,48
6h_report_evidence_proxy_expanded_coded_hadm,6,report_evidence_proxy,expanded_coded,hadm,test,0,0,530
6h_report_evidence_proxy_expanded_coded_hadm,6,report_evidence_proxy,expanded_coded,hadm,test,0,1,2
6h_report_evidence_proxy_expanded_coded_hadm,6,report_evidence_proxy,expanded_coded,hadm,test,0,missing_other,32
6h_report_evidence_proxy_expanded_coded_hadm,6,report_evidence_proxy,expanded_coded,hadm,test,1,0,507
6h_report_evidence_proxy_expanded_coded_hadm,6,report_evidence_proxy,expanded_coded,hadm,test,1,1,501
6h_report_evidence_proxy_expanded_coded_hadm,6,report_evidence_proxy,expanded_coded,hadm,test,1,missing_other,28
6h_report_evidence_strict_baseline_hadm,6,report_evidence_strict,baseline,hadm,all,0,0,919
6h_report_evidence_strict_baseline_hadm,6,report_evidence_strict,baseline,hadm,all,0,1,3
6h_report_evidence_strict_baseline_hadm,6,report_evidence_strict,baseline,hadm,all,0,missing_other,45
6h_report_evidence_strict_baseline_hadm,6,report_evidence_strict,baseline,hadm,all,1,0,1242
6h_report_evidence_strict_baseline_hadm,6,report_evidence_strict,baseline,hadm,all,1,1,1312
6h_report_evidence_strict_baseline_hadm,6,report_evidence_strict,baseline,hadm,all,1,missing_other,60
6h_report_evidence_strict_baseline_hadm,6,report_evidence_strict,baseline,hadm,development,0,0,643
6h_report_evidence_strict_baseline_hadm,6,report_evidence_strict,baseline,hadm,development,0,1,3
6h_report_evidence_strict_baseline_hadm,6,report_evidence_strict,baseline,hadm,development,0,missing_other,29
6h_report_evidence_strict_baseline_hadm,6,report_evidence_strict,baseline,hadm,development,1,0,847
6h_report_evidence_strict_baseline_hadm,6,report_evidence_strict,baseline,hadm,development,1,1,915
6h_report_evidence_strict_baseline_hadm,6,report_evidence_strict,baseline,hadm,development,1,missing_other,41
6h_report_evidence_strict_baseline_hadm,6,report_evidence_strict,baseline,hadm,test,0,0,276
6h_report_evidence_strict_baseline_hadm,6,report_evidence_strict,baseline,hadm,test,0,1,0
6h_report_evidence_strict_baseline_hadm,6,report_evidence_strict,baseline,hadm,test,0,missing_other,16
6h_report_evidence_strict_baseline_hadm,6,report_evidence_strict,baseline,hadm,test,1,0,395
6h_report_evidence_strict_baseline_hadm,6,report_evidence_strict,baseline,hadm,test,1,1,397
6h_report_evidence_strict_baseline_hadm,6,report_evidence_strict,baseline,hadm,test,1,missing_other,19
6h_report_evidence_strict_expanded_coded_hadm,6,report_evidence_strict,expanded_coded,hadm,all,0,0,919
6h_report_evidence_strict_expanded_coded_hadm,6,report_evidence_strict,expanded_coded,hadm,all,0,1,3
6h_report_evidence_strict_expanded_coded_hadm,6,report_evidence_strict,expanded_coded,hadm,all,0,missing_other,45
6h_report_evidence_strict_expanded_coded_hadm,6,report_evidence_strict,expanded_coded,hadm,all,1,0,1242
6h_report_evidence_strict_expanded_coded_hadm,6,report_evidence_strict,expanded_coded,hadm,all,1,1,1312
6h_report_evidence_strict_expanded_coded_hadm,6,report_evidence_strict,expanded_coded,hadm,all,1,missing_other,60
6h_report_evidence_strict_expanded_coded_hadm,6,report_evidence_strict,expanded_coded,hadm,development,0,0,643
6h_report_evidence_strict_expanded_coded_hadm,6,report_evidence_strict,expanded_coded,hadm,development,0,1,3
6h_report_evidence_strict_expanded_coded_hadm,6,report_evidence_strict,expanded_coded,hadm,development,0,missing_other,29
6h_report_evidence_strict_expanded_coded_hadm,6,report_evidence_strict,expanded_coded,hadm,development,1,0,847
6h_report_evidence_strict_expanded_coded_hadm,6,report_evidence_strict,expanded_coded,hadm,development,1,1,915
6h_report_evidence_strict_expanded_coded_hadm,6,report_evidence_strict,expanded_coded,hadm,development,1,missing_other,41
6h_report_evidence_strict_expanded_coded_hadm,6,report_evidence_strict,expanded_coded,hadm,test,0,0,276
6h_report_evidence_strict_expanded_coded_hadm,6,report_evidence_strict,expanded_coded,hadm,test,0,1,0
6h_report_evidence_strict_expanded_coded_hadm,6,report_evidence_strict,expanded_coded,hadm,test,0,missing_other,16
6h_report_evidence_strict_expanded_coded_hadm,6,report_evidence_strict,expanded_coded,hadm,test,1,0,395
6h_report_evidence_strict_expanded_coded_hadm,6,report_evidence_strict,expanded_coded,hadm,test,1,1,397
6h_report_evidence_strict_expanded_coded_hadm,6,report_evidence_strict,expanded_coded,hadm,test,1,missing_other,19
