analysis,window_hours,ecg_variant,risk_variant,response_definition,split,subgroup_axis,subgroup,N,events,response_positive,AUROC,AUPRC,prevalence,response_rate,Brier,mean_predicted,calibration_gap_pred_minus_observed,Brier_development_prevalence,Brier_skill,calibration_intercept,calibration_slope,diagnostic_role,diagnostic_status,small_group_warning,causal_fairness_evidence,new_predictive_recalibration
3h_report_evidence_proxy_baseline_hadm,3,report_evidence_proxy,baseline,hadm,development,overall,all,2332,323,1588,0.785612576224328,0.36318170187297827,0.13850771869639794,0.6809605488850772,0.1001382332753109,0.13850771869639814,1.942890293094024e-16,0.11932333055791737,0.1607824487709415,-6.017136753833684e-09,0.9999999959699285,diagnostic_fit_of_frozen_predictions_not_recalibration,estimated_descriptive_only,False,False,False
3h_report_evidence_proxy_baseline_hadm,3,report_evidence_proxy,baseline,hadm,development,age,age_lt45,379,13,139,0.7886717108028584,0.16434932959843718,0.03430079155672823,0.36675461741424803,0.030586208905734116,0.02824189523960922,-0.006058896317119009,0.04398333091920257,0.30459543953319457,,,diagnostic_fit_of_frozen_predictions_not_recalibration,insufficient_group_support,True,False,False
3h_report_evidence_proxy_baseline_hadm,3,report_evidence_proxy,baseline,hadm,development,age,age_45_64,1084,123,740,0.7682123127162593,0.3058833809686054,0.11346863468634687,0.6826568265682657,0.08920297314431158,0.09221386606820882,-0.021254768618138048,0.10122045935682565,0.11872586124263318,0.6617605042337038,1.1992603518084588,diagnostic_fit_of_frozen_predictions_not_recalibration,estimated_descriptive_only,False,False,False
3h_report_evidence_proxy_baseline_hadm,3,report_evidence_proxy,baseline,hadm,development,age,age_ge65,869,187,709,0.7338631266956263,0.42495596843195943,0.21518987341772153,0.8158803222094362,0.14411296194973375,0.24434578928222056,0.029155915864499032,0.17476334464889157,0.17538221622352212,-0.055055898434541346,1.13923987014691,diagnostic_fit_of_frozen_predictions_not_recalibration,estimated_descriptive_only,False,False,False
3h_report_evidence_proxy_baseline_hadm,3,report_evidence_proxy,baseline,hadm,development,recorded_sex,sex_F,1150,112,751,0.7981738576933664,0.32445571739875473,0.09739130434782609,0.6530434782608696,0.07600491466939063,0.13556183048230128,0.03817052613447519,0.08959679771413868,0.15170054501404584,-0.2852300284744117,1.1094043891715515,diagnostic_fit_of_frozen_predictions_not_recalibration,estimated_descriptive_only,False,False,False
3h_report_evidence_proxy_baseline_hadm,3,report_evidence_proxy,baseline,hadm,development,recorded_sex,sex_M,1182,211,837,0.7830765175882586,0.408629924977187,0.1785109983079526,0.7081218274111675,0.12361819638597818,0.1413738535916695,-0.0371371447162831,0.1482450841707311,0.16612279538652752,0.2654033943310182,0.9526233880853503,diagnostic_fit_of_frozen_predictions_not_recalibration,estimated_descriptive_only,False,False,False
3h_report_evidence_proxy_baseline_hadm,3,report_evidence_proxy,baseline,hadm,development,recorded_sex,sex_unknown,0,0,0,,,,,,,,,,,,diagnostic_fit_of_frozen_predictions_not_recalibration,insufficient_group_support,True,False,False
3h_report_evidence_proxy_baseline_hadm,3,report_evidence_proxy,baseline,hadm,test,overall,all,1051,140,734,0.7910929904343735,0.33690903558595076,0.13320647002854424,0.698382492863939,0.09916231943693952,0.12957995295681057,-0.0036265170717336703,0.11549060960851723,0.1413819723259433,-0.030147656948597543,0.9560375115540856,diagnostic_fit_of_frozen_predictions_not_recalibration,estimated_descriptive_only,False,False,False
3h_report_evidence_proxy_baseline_hadm,3,report_evidence_proxy,baseline,hadm,test,age,age_lt45,184,5,84,0.8564245810055866,0.4149585921325052,0.02717391304347826,0.45652173913043476,0.021486170989467413,0.029172711771043646,0.001998798727565386,0.03883070777454584,0.44667063206218593,,,diagnostic_fit_of_frozen_predictions_not_recalibration,insufficient_group_support,True,False,False
3h_report_evidence_proxy_baseline_hadm,3,report_evidence_proxy,baseline,hadm,test,age,age_45_64,490,53,345,0.7368636932774923,0.2772019357144318,0.10816326530612246,0.7040816326530612,0.08768066580582198,0.08371237617341011,-0.024450889132712345,0.09738475919599444,0.09964694137244012,0.5050531425380499,1.0903257568469367,diagnostic_fit_of_frozen_predictions_not_recalibration,estimated_descriptive_only,False,False,False
3h_report_evidence_proxy_baseline_hadm,3,report_evidence_proxy,baseline,hadm,test,age,age_ge65,377,82,305,0.7218065316246383,0.38358662499793156,0.21750663129973474,0.8090185676392573,0.15199632896898865,0.23820076198080875,0.020694130681074008,0.17643832483288566,0.13852997010171886,-0.1670715570063462,0.9685790122518166,diagnostic_fit_of_frozen_predictions_not_recalibration,estimated_descriptive_only,False,False,False
3h_report_evidence_proxy_baseline_hadm,3,report_evidence_proxy,baseline,hadm,test,recorded_sex,sex_F,532,41,357,0.8052257711986488,0.22180787392019805,0.07706766917293233,0.6710526315789473,0.06694863332140931,0.11447976067571783,0.0374120915027855,0.07490312322662973,0.10619703908945177,-0.4588794983496862,1.0236422060967276,diagnostic_fit_of_frozen_predictions_not_recalibration,estimated_descriptive_only,False,False,False
3h_report_evidence_proxy_baseline_hadm,3,report_evidence_proxy,baseline,hadm,test,recorded_sex,sex_M,519,99,377,0.7799062049062049,0.42026568057734165,0.1907514450867052,0.7263969171483622,0.13218289942434247,0.14505837741450095,-0.04569306767220424,0.1570947382311842,0.1585784418201257,0.2247584749419601,0.8812504629771686,diagnostic_fit_of_frozen_predictions_not_recalibration,estimated_descriptive_only,False,False,False
3h_report_evidence_proxy_baseline_hadm,3,report_evidence_proxy,baseline,hadm,test,recorded_sex,sex_unknown,0,0,0,,,,,,,,,,,,diagnostic_fit_of_frozen_predictions_not_recalibration,insufficient_group_support,True,False,False
3h_report_evidence_proxy_baseline_raw,3,report_evidence_proxy,baseline,raw,development,overall,all,2279,313,872,0.7863284462052984,0.3619294011327336,0.137340939008337,0.3826239578762615,0.09941636355546773,0.1373409390083371,1.1102230246251565e-16,0.11847840548064537,0.16089043271511283,-6.882508438520668e-09,0.9999999956756689,diagnostic_fit_of_frozen_predictions_not_recalibration,estimated_descriptive_only,False,False,False
3h_report_evidence_proxy_baseline_raw,3,report_evidence_proxy,baseline,raw,development,age,age_lt45,370,13,62,0.7884076707606119,0.1648846648846649,0.03513513513513514,0.16756756756756758,0.03129127591028353,0.027925897583299848,-0.0072092375518352896,0.04434668375953833,0.29439423069479853,,,diagnostic_fit_of_frozen_predictions_not_recalibration,insufficient_group_support,True,False,False
3h_report_evidence_proxy_baseline_raw,3,report_evidence_proxy,baseline,raw,development,age,age_45_64,1050,117,331,0.7751715356216964,0.30819924931036036,0.11142857142857143,0.31523809523809526,0.08750886495712686,0.09061959282666394,-0.020808978601907488,0.09968369569154807,0.12213462442337486,0.6685107874008502,1.2026915346351277,diagnostic_fit_of_frozen_predictions_not_recalibration,estimated_descriptive_only,False,False,False
3h_report_evidence_proxy_baseline_raw,3,report_evidence_proxy,baseline,raw,development,age,age_ge65,859,183,479,0.7306439357195977,0.421776281573144,0.21303841676367868,0.5576251455180442,0.14331526455311133,0.24157956394200492,0.02854114717832623,0.17338315788502429,0.17341876626708974,-0.05489100594725156,1.1334199272965182,diagnostic_fit_of_frozen_predictions_not_recalibration,estimated_descriptive_only,False,False,False
3h_report_evidence_proxy_baseline_raw,3,report_evidence_proxy,baseline,raw,development,recorded_sex,sex_F,1132,108,373,0.7993887442129629,0.32098729996336894,0.09540636042402827,0.3295053003533569,0.07490057569039958,0.13453781667771508,0.03913145625368682,0.08806249569571224,0.14946112872830508,-0.2942137590594068,1.1143115000749797,diagnostic_fit_of_frozen_predictions_not_recalibration,estimated_descriptive_only,False,False,False
3h_report_evidence_proxy_baseline_raw,3,report_evidence_proxy,baseline,raw,development,recorded_sex,sex_M,1147,205,499,0.7840557195380871,0.4104015549050275,0.17872711421098517,0.4350479511769834,0.12361154390704304,0.14010740324396415,-0.03861971096702102,0.14849654835470286,0.16757968264837253,0.2791510283820784,0.9520887001582565,diagnostic_fit_of_frozen_predictions_not_recalibration,estimated_descriptive_only,False,False,False
3h_report_evidence_proxy_baseline_raw,3,report_evidence_proxy,baseline,raw,development,recorded_sex,sex_unknown,0,0,0,,,,,,,,,,,,diagnostic_fit_of_frozen_predictions_not_recalibration,insufficient_group_support,True,False,False
3h_report_evidence_proxy_baseline_raw,3,report_evidence_proxy,baseline,raw,test,overall,all,1011,131,376,0.7920497918112422,0.3266836723357422,0.12957467853610286,0.37190900098911966,0.09763271662950755,0.1275172272484016,-0.0020574512877012674,0.11284539602009107,0.13480992514639267,-0.05150073586108765,0.952994256998395,diagnostic_fit_of_frozen_predictions_not_recalibration,estimated_descriptive_only,False,False,False
3h_report_evidence_proxy_baseline_raw,3,report_evidence_proxy,baseline,raw,test,age,age_lt45,179,5,30,0.8563218390804598,0.4151104017025805,0.027932960893854747,0.16759776536312848,0.02201455676823927,0.0285682982259032,0.0006353373320484544,0.03912281626465615,0.43729621560686605,,,diagnostic_fit_of_frozen_predictions_not_recalibration,insufficient_group_support,True,False,False
3h_report_evidence_proxy_baseline_raw,3,report_evidence_proxy,baseline,raw,test,age,age_45_64,470,50,141,0.747452380952381,0.27562046547648156,0.10638297872340426,0.3,0.08609461651346179,0.0834301954377455,-0.02295278328565875,0.09602403586634345,0.10340556156900649,0.5000857012398172,1.0958117839906887,diagnostic_fit_of_frozen_predictions_not_recalibration,estimated_descriptive_only,False,False,False
3h_report_evidence_proxy_baseline_raw,3,report_evidence_proxy,baseline,raw,test,age,age_ge65,362,76,205,0.7206017666543982,0.370442587418417,0.20994475138121546,0.5662983425414365,0.15000442289942065,0.23368508151921785,0.02374033013800239,0.17113926631977125,0.1234949984000776,-0.20710051131149326,0.9521571112177104,diagnostic_fit_of_frozen_predictions_not_recalibration,estimated_descriptive_only,False,False,False
3h_report_evidence_proxy_baseline_raw,3,report_evidence_proxy,baseline,raw,test,recorded_sex,sex_F,510,37,158,0.8098108679504028,0.20586826124635793,0.07254901960784314,0.30980392156862746,0.06471347465595997,0.11313663228886012,0.040587612681016974,0.07148365218138403,0.09470945200512804,-0.5189018919337102,1.0212098580951736,diagnostic_fit_of_frozen_predictions_not_recalibration,estimated_descriptive_only,False,False,False
3h_report_evidence_proxy_baseline_raw,3,report_evidence_proxy,baseline,raw,test,recorded_sex,sex_M,501,94,218,0.780333525014376,0.417361839220739,0.18762475049900199,0.4351297405189621,0.13114332223132247,0.14215615624913222,-0.045468594249869765,0.154950165197218,0.15364193342804489,0.22329486363963913,0.8802651392108194,diagnostic_fit_of_frozen_predictions_not_recalibration,estimated_descriptive_only,False,False,False
3h_report_evidence_proxy_baseline_raw,3,report_evidence_proxy,baseline,raw,test,recorded_sex,sex_unknown,0,0,0,,,,,,,,,,,,diagnostic_fit_of_frozen_predictions_not_recalibration,insufficient_group_support,True,False,False
3h_report_evidence_proxy_expanded_coded_hadm,3,report_evidence_proxy,expanded_coded,hadm,development,overall,all,2332,323,1588,0.7810795691832574,0.35675098193343935,0.13850771869639794,0.6809605488850772,0.10115041327686047,0.13850771869639805,1.1102230246251565e-16,0.11932333055791737,0.15229978241544384,-1.5063278219754185e-09,0.9999999984397968,diagnostic_fit_of_frozen_predictions_not_recalibration,estimated_descriptive_only,False,False,False
3h_report_evidence_proxy_expanded_coded_hadm,3,report_evidence_proxy,expanded_coded,hadm,development,age,age_lt45,379,13,139,0.7944514501891551,0.1578024451103762,0.03430079155672823,0.36675461741424803,0.030341291702360374,0.030010687488686138,-0.004290104068042092,0.04398333091920257,0.31016384916146156,,,diagnostic_fit_of_frozen_predictions_not_recalibration,insufficient_group_support,True,False,False
3h_report_evidence_proxy_expanded_coded_hadm,3,report_evidence_proxy,expanded_coded,hadm,development,age,age_45_64,1084,123,740,0.7627555984196679,0.2920701483507187,0.11346863468634687,0.6826568265682657,0.08952011258208768,0.09335370905621443,-0.020114925630132438,0.10122045935682565,0.11559270575419467,0.6621670845824911,1.214169090859729,diagnostic_fit_of_frozen_predictions_not_recalibration,estimated_descriptive_only,False,False,False
3h_report_evidence_proxy_expanded_coded_hadm,3,report_evidence_proxy,expanded_coded,hadm,development,age,age_ge65,869,187,709,0.7242343218279047,0.417330119841367,0.21518987341772153,0.8158803222094362,0.14654040525599749,0.2421525072783095,0.026962633860587976,0.17476334464889157,0.16149232809428893,-0.08821261265825554,1.0860964840844747,diagnostic_fit_of_frozen_predictions_not_recalibration,estimated_descriptive_only,False,False,False
3h_report_evidence_proxy_expanded_coded_hadm,3,report_evidence_proxy,expanded_coded,hadm,development,recorded_sex,sex_F,1150,112,751,0.7935848472336912,0.31346957771879475,0.09739130434782609,0.6530434782608696,0.07660974972139387,0.13437505979242514,0.03698375544459906,0.08959679771413868,0.14494991254241463,-0.24829163240926144,1.1216743847480068,diagnostic_fit_of_frozen_predictions_not_recalibration,estimated_descriptive_only,False,False,False
3h_report_evidence_proxy_expanded_coded_hadm,3,report_evidence_proxy,expanded_coded,hadm,development,recorded_sex,sex_M,1182,211,837,0.7769754149969983,0.40262737968426004,0.1785109983079526,0.7081218274111675,0.1250266933858175,0.14252849512581253,-0.03598250318214008,0.1482450841707311,0.15662165740466238,0.2324777510975494,0.9405632760737808,diagnostic_fit_of_frozen_predictions_not_recalibration,estimated_descriptive_only,False,False,False
3h_report_evidence_proxy_expanded_coded_hadm,3,report_evidence_proxy,expanded_coded,hadm,development,recorded_sex,sex_unknown,0,0,0,,,,,,,,,,,,diagnostic_fit_of_frozen_predictions_not_recalibration,insufficient_group_support,True,False,False
3h_report_evidence_proxy_expanded_coded_hadm,3,report_evidence_proxy,expanded_coded,hadm,test,overall,all,1051,140,734,0.783648267210287,0.33201015094493186,0.13320647002854424,0.698382492863939,0.09983348023631178,0.13118923304322302,-0.002017236985321219,0.11549060960851723,0.13557058383602794,-0.09367671453976836,0.9256734124918228,diagnostic_fit_of_frozen_predictions_not_recalibration,estimated_descriptive_only,False,False,False
3h_report_evidence_proxy_expanded_coded_hadm,3,report_evidence_proxy,expanded_coded,hadm,test,age,age_lt45,184,5,84,0.8575418994413407,0.5482919254658385,0.02717391304347826,0.45652173913043476,0.021423190741458535,0.030402524880053704,0.0032286118365754436,0.03883070777454584,0.44829255068325635,,,diagnostic_fit_of_frozen_predictions_not_recalibration,insufficient_group_support,True,False,False
3h_report_evidence_proxy_expanded_coded_hadm,3,report_evidence_proxy,expanded_coded,hadm,test,age,age_45_64,490,53,345,0.7243642329778507,0.2588275735514386,0.10816326530612246,0.7040816326530612,0.08853162446565407,0.0848851590573073,-0.023278106248815156,0.09738475919599444,0.09090883217694001,0.33450115023365895,1.0209345090419544,diagnostic_fit_of_frozen_predictions_not_recalibration,estimated_descriptive_only,False,False,False
3h_report_evidence_proxy_expanded_coded_hadm,3,report_evidence_proxy,expanded_coded,hadm,test,age,age_ge65,377,82,305,0.7139107069036792,0.3807683698436452,0.21750663129973474,0.8090185676392573,0.15279210780839442,0.2405625766907617,0.023055945391026955,0.17643832483288566,0.13401973208988383,-0.22033542602634246,0.9314661328269902,diagnostic_fit_of_frozen_predictions_not_recalibration,estimated_descriptive_only,False,False,False
3h_report_evidence_proxy_expanded_coded_hadm,3,report_evidence_proxy,expanded_coded,hadm,test,recorded_sex,sex_F,532,41,357,0.7951169837563956,0.20400731996692786,0.07706766917293233,0.6710526315789473,0.06875020738071433,0.11732945411552112,0.040261784942588794,0.07490312322662973,0.08214498382529267,-0.6260279786593004,0.9384794616363137,diagnostic_fit_of_frozen_predictions_not_recalibration,estimated_descriptive_only,False,False,False
3h_report_evidence_proxy_expanded_coded_hadm,3,report_evidence_proxy,expanded_coded,hadm,test,recorded_sex,sex_M,519,99,377,0.7733525733525733,0.4247274368351885,0.1907514450867052,0.7263969171483622,0.13169533218077759,0.14539617406352667,-0.04535527102317852,0.1570947382311842,0.16168209283386858,0.22065445199506956,0.8829413169462145,diagnostic_fit_of_frozen_predictions_not_recalibration,estimated_descriptive_only,False,False,False
3h_report_evidence_proxy_expanded_coded_hadm,3,report_evidence_proxy,expanded_coded,hadm,test,recorded_sex,sex_unknown,0,0,0,,,,,,,,,,,,diagnostic_fit_of_frozen_predictions_not_recalibration,insufficient_group_support,True,False,False
3h_report_evidence_proxy_expanded_coded_raw,3,report_evidence_proxy,expanded_coded,raw,development,overall,all,2279,313,872,0.7817424978630326,0.3559872590298236,0.137340939008337,0.3826239578762615,0.10037563419638008,0.13734093900833694,-5.551115123125783e-17,0.11847840548064537,0.1527938463623445,-4.044971886131467e-09,0.9999999967566562,diagnostic_fit_of_frozen_predictions_not_recalibration,estimated_descriptive_only,False,False,False
3h_report_evidence_proxy_expanded_coded_raw,3,report_evidence_proxy,expanded_coded,raw,development,age,age_lt45,370,13,62,0.7946563240680887,0.16000762702890364,0.03513513513513514,0.16756756756756758,0.031012664848597354,0.029661972259651302,-0.005473162875483835,0.04434668375953833,0.30067679881639453,,,diagnostic_fit_of_frozen_predictions_not_recalibration,insufficient_group_support,True,False,False
3h_report_evidence_proxy_expanded_coded_raw,3,report_evidence_proxy,expanded_coded,raw,development,age,age_45_64,1050,117,331,0.7694460475810958,0.293181373469835,0.11142857142857143,0.31523809523809526,0.08782114543760901,0.09181895181566792,-0.019609619612903514,0.09968369569154807,0.1190019107101068,0.659283356626757,1.2138570921630116,diagnostic_fit_of_frozen_predictions_not_recalibration,estimated_descriptive_only,False,False,False
3h_report_evidence_proxy_expanded_coded_raw,3,report_evidence_proxy,expanded_coded,raw,development,age,age_ge65,859,183,479,0.7218571151421088,0.41529233479422295,0.21303841676367868,0.5576251455180442,0.14559858164153652,0.23936574022989268,0.026327323466213998,0.17338315788502429,0.1602495685417875,-0.08944598998480476,1.0803037318165827,diagnostic_fit_of_frozen_predictions_not_recalibration,estimated_descriptive_only,False,False,False
3h_report_evidence_proxy_expanded_coded_raw,3,report_evidence_proxy,expanded_coded,raw,development,recorded_sex,sex_F,1132,108,373,0.7939724392361112,0.31078701222674504,0.09540636042402827,0.3295053003533569,0.07544718136016122,0.1332270249532978,0.037820664529269535,0.08806249569571224,0.14325410875409994,-0.25619756076232797,1.1260809306948834,diagnostic_fit_of_frozen_predictions_not_recalibration,estimated_descriptive_only,False,False,False
3h_report_evidence_proxy_expanded_coded_raw,3,report_evidence_proxy,expanded_coded,raw,development,recorded_sex,sex_M,1147,205,499,0.778261094712858,0.4046786043490509,0.17872711421098517,0.4350479511769834,0.12497808285427003,0.141401052966754,-0.03732606124423116,0.14849654835470286,0.1583771862781348,0.24366584465608374,0.939238758695248,diagnostic_fit_of_frozen_predictions_not_recalibration,estimated_descriptive_only,False,False,False
3h_report_evidence_proxy_expanded_coded_raw,3,report_evidence_proxy,expanded_coded,raw,development,recorded_sex,sex_unknown,0,0,0,,,,,,,,,,,,diagnostic_fit_of_frozen_predictions_not_recalibration,insufficient_group_support,True,False,False
3h_report_evidence_proxy_expanded_coded_raw,3,report_evidence_proxy,expanded_coded,raw,test,overall,all,1011,131,376,0.7838697085357391,0.31907514368389384,0.12957467853610286,0.37190900098911966,0.09836405298161909,0.12843992531155182,-0.0011347532245510328,0.11284539602009107,0.12832905505417092,-0.1039571171603067,0.925756433277024,diagnostic_fit_of_frozen_predictions_not_recalibration,estimated_descriptive_only,False,False,False
3h_report_evidence_proxy_expanded_coded_raw,3,report_evidence_proxy,expanded_coded,raw,test,age,age_lt45,179,5,30,0.8574712643678161,0.5484437350359138,0.027932960893854747,0.16759776536312848,0.02202325226298588,0.0298225415406895,0.0018895806468347542,0.03912281626465615,0.4370739541344867,,,diagnostic_fit_of_frozen_predictions_not_recalibration,insufficient_group_support,True,False,False
3h_report_evidence_proxy_expanded_coded_raw,3,report_evidence_proxy,expanded_coded,raw,test,age,age_45_64,470,50,141,0.734547619047619,0.2575499481026997,0.10638297872340426,0.3,0.08689231240266578,0.08473155298146229,-0.021651425741941968,0.09602403586634345,0.09509830930651764,0.32800872977331175,1.0261664786339129,diagnostic_fit_of_frozen_predictions_not_recalibration,estimated_descriptive_only,False,False,False
3h_report_evidence_proxy_expanded_coded_raw,3,report_evidence_proxy,expanded_coded,raw,test,age,age_ge65,362,76,205,0.7094221567905779,0.362356904616906,0.20994475138121546,0.5662983425414365,0.15100692977925262,0.23395220898593425,0.024007457604718785,0.17113926631977125,0.11763715582899392,-0.2512369762320143,0.9130525805114823,diagnostic_fit_of_frozen_predictions_not_recalibration,estimated_descriptive_only,False,False,False
3h_report_evidence_proxy_expanded_coded_raw,3,report_evidence_proxy,expanded_coded,raw,test,recorded_sex,sex_F,510,37,158,0.7998400091423348,0.1901212988510482,0.07254901960784314,0.30980392156862746,0.06647729446799423,0.11513803412868531,0.04258901452084217,0.07148365218138403,0.0700350018586986,-0.6780596372378855,0.9356061189926463,diagnostic_fit_of_frozen_predictions_not_recalibration,estimated_descriptive_only,False,False,False
3h_report_evidence_proxy_expanded_coded_raw,3,report_evidence_proxy,expanded_coded,raw,test,recorded_sex,sex_M,501,94,218,0.7721391604370328,0.41744718072845916,0.18762475049900199,0.4351297405189621,0.13082362751644663,0.14198077262345193,-0.04564397787555005,0.154950165197218,0.15570514332826624,0.22531918556655056,0.8837027011207836,diagnostic_fit_of_frozen_predictions_not_recalibration,estimated_descriptive_only,False,False,False
3h_report_evidence_proxy_expanded_coded_raw,3,report_evidence_proxy,expanded_coded,raw,test,recorded_sex,sex_unknown,0,0,0,,,,,,,,,,,,diagnostic_fit_of_frozen_predictions_not_recalibration,insufficient_group_support,True,False,False
3h_report_evidence_strict_baseline_hadm,3,report_evidence_strict,baseline,hadm,development,overall,all,1704,262,1294,0.7795338323575187,0.38578913135587317,0.15375586854460094,0.7593896713615024,0.10807658182386057,0.15375586854460113,1.942890293094024e-16,0.13011500143269628,0.16937646978573317,-6.874601482080544e-09,0.9999999950077088,diagnostic_fit_of_frozen_predictions_not_recalibration,estimated_descriptive_only,False,False,False
3h_report_evidence_strict_baseline_hadm,3,report_evidence_strict,baseline,hadm,development,age,age_lt45,220,9,103,0.7380200105318588,0.12021000806047535,0.04090909090909091,0.4681818181818182,0.03762560978999222,0.03323344086412664,-0.0076756500449642676,0.051969932412800866,0.2760119545446138,,,diagnostic_fit_of_frozen_predictions_not_recalibration,insufficient_group_support,True,False,False
3h_report_evidence_strict_baseline_hadm,3,report_evidence_strict,baseline,hadm,development,age,age_45_64,796,95,603,0.7743674450033786,0.3239910277786611,0.11934673366834171,0.757537688442211,0.09331158404770859,0.09742192544007248,-0.021924808228269227,0.10628707939397204,0.12207970545664781,0.7123963250198194,1.2309888456397167,diagnostic_fit_of_frozen_predictions_not_recalibration,estimated_descriptive_only,False,False,False
3h_report_evidence_strict_baseline_hadm,3,report_evidence_strict,baseline,hadm,development,age,age_ge65,688,158,588,0.7385478863147839,0.44929134223528494,0.22965116279069767,0.8546511627906976,0.14768726798268028,0.25747207901103863,0.02782091622034097,0.18267160190827958,0.1915149019340462,-0.056056762823509895,1.1361900059809742,diagnostic_fit_of_frozen_predictions_not_recalibration,estimated_descriptive_only,False,False,False
3h_report_evidence_strict_baseline_hadm,3,report_evidence_strict,baseline,hadm,development,recorded_sex,sex_F,811,92,606,0.7887010945153292,0.3477506315470072,0.11344019728729964,0.7472256473489519,0.08592011546143762,0.15366305653904982,0.04022285925175019,0.10219687227564477,0.159268639555872,-0.26744034688063345,1.1123148149927922,diagnostic_fit_of_frozen_predictions_not_recalibration,estimated_descriptive_only,False,False,False
3h_report_evidence_strict_baseline_hadm,3,report_evidence_strict,baseline,hadm,development,recorded_sex,sex_M,893,170,688,0.7813318688471239,0.4293131985498412,0.19036954087346025,0.7704367301231803,0.12819852383945401,0.1538401580591611,-0.036529382814299155,0.15546953978249314,0.1754106687470237,0.25401665095115245,0.9566547431759415,diagnostic_fit_of_frozen_predictions_not_recalibration,estimated_descriptive_only,False,False,False
3h_report_evidence_strict_baseline_hadm,3,report_evidence_strict,baseline,hadm,development,recorded_sex,sex_unknown,0,0,0,,,,,,,,,,,,diagnostic_fit_of_frozen_predictions_not_recalibration,insufficient_group_support,True,False,False
3h_report_evidence_strict_baseline_hadm,3,report_evidence_strict,baseline,hadm,test,overall,all,785,117,603,0.7650660218025488,0.3391793450213571,0.14904458598726114,0.7681528662420383,0.11080837267549996,0.14099776008264184,-0.008046825904619304,0.12685249355848197,0.12647856130305624,-0.12583573732074038,0.8660959747837157,diagnostic_fit_of_frozen_predictions_not_recalibration,estimated_descriptive_only,False,False,False
3h_report_evidence_strict_baseline_hadm,3,report_evidence_strict,baseline,hadm,test,age,age_lt45,114,5,67,0.8376146788990826,0.4182957393483709,0.043859649122807015,0.5877192982456141,0.035172686219451355,0.03445432719847288,-0.009405321924334138,0.05401315934483434,0.34881264776793386,,,diagnostic_fit_of_frozen_predictions_not_recalibration,insufficient_group_support,True,False,False
3h_report_evidence_strict_baseline_hadm,3,report_evidence_strict,baseline,hadm,test,age,age_45_64,356,40,273,0.7139240506329114,0.2664207690162409,0.11235955056179775,0.7668539325842697,0.09237395171400119,0.08796357478211353,-0.02439597577968422,0.10144853710188181,0.0894501354787135,0.10640760651447576,0.9110189678357146,diagnostic_fit_of_frozen_predictions_not_recalibration,estimated_descriptive_only,False,False,False
3h_report_evidence_strict_baseline_hadm,3,report_evidence_strict,baseline,hadm,test,age,age_ge65,315,72,263,0.6905006858710563,0.3832341075089326,0.22857142857142856,0.834920634920635,0.15901510955893844,0.2394933833073504,0.010921954735921835,0.18192389863437258,0.12592512169869352,-0.23331930878580048,0.8423540119223462,diagnostic_fit_of_frozen_predictions_not_recalibration,estimated_descriptive_only,False,False,False
3h_report_evidence_strict_baseline_hadm,3,report_evidence_strict,baseline,hadm,test,recorded_sex,sex_F,365,31,279,0.7583059687077458,0.2033169916247101,0.08493150684931507,0.7643835616438356,0.07635910606018965,0.12725893197070817,0.042327425121393106,0.08245493875638327,0.07392926109864706,-0.770087194398917,0.8342178954596743,diagnostic_fit_of_frozen_predictions_not_recalibration,estimated_descriptive_only,False,False,False
3h_report_evidence_strict_baseline_hadm,3,report_evidence_strict,baseline,hadm,test,recorded_sex,sex_M,420,86,324,0.7677377802534466,0.42753725150900374,0.20476190476190476,0.7714285714285715,0.14074642580547206,0.15293745594182195,-0.0518244488200828,0.16543608285078212,0.14923985517463756,0.20842092853848496,0.8464582035326008,diagnostic_fit_of_frozen_predictions_not_recalibration,estimated_descriptive_only,False,False,False
3h_report_evidence_strict_baseline_hadm,3,report_evidence_strict,baseline,hadm,test,recorded_sex,sex_unknown,0,0,0,,,,,,,,,,,,diagnostic_fit_of_frozen_predictions_not_recalibration,insufficient_group_support,True,False,False
3h_report_evidence_strict_baseline_raw,3,report_evidence_strict,baseline,raw,development,overall,all,1661,255,688,0.7773631216355674,0.3834897918737042,0.1535219747140277,0.41420830824804333,0.10823661851860658,0.15352197471402756,-1.3877787807814457e-16,0.12995297799393277,0.16710936379110974,-7.256861733822843e-09,0.9999999947552117,diagnostic_fit_of_frozen_predictions_not_recalibration,estimated_descriptive_only,False,False,False
3h_report_evidence_strict_baseline_raw,3,report_evidence_strict,baseline,raw,development,age,age_lt45,212,9,37,0.7364532019704434,0.12111763996724613,0.04245283018867924,0.17452830188679244,0.03897076550455837,0.03347875846758808,-0.008974071721091166,0.05298694226324314,0.264521336012396,,,diagnostic_fit_of_frozen_predictions_not_recalibration,insufficient_group_support,True,False,False
3h_report_evidence_strict_baseline_raw,3,report_evidence_strict,baseline,raw,development,age,age_45_64,770,92,251,0.7781759009875593,0.3255572065940898,0.11948051948051948,0.32597402597402597,0.09342355202086151,0.09742672533472899,-0.022053794145790492,0.10636374561959965,0.12165981484910815,0.7273867762061101,1.238799270140518,diagnostic_fit_of_frozen_predictions_not_recalibration,estimated_descriptive_only,False,False,False
3h_report_evidence_strict_baseline_raw,3,report_evidence_strict,baseline,raw,development,age,age_ge65,679,154,400,0.7356462585034014,0.4464226599898359,0.2268041237113402,0.5891016200294551,0.14666139324944902,0.254615500290324,0.027811376578983776,0.1807342865405355,0.18852478930966166,-0.0534657749750896,1.1365815444039247,diagnostic_fit_of_frozen_predictions_not_recalibration,estimated_descriptive_only,False,False,False
3h_report_evidence_strict_baseline_raw,3,report_evidence_strict,baseline,raw,development,recorded_sex,sex_F,795,89,294,0.7840579940796384,0.3423196657273237,0.1119496855345912,0.36981132075471695,0.08564363290249026,0.15372980755691412,0.041780122022322924,0.10114520867091611,0.15326060395862595,-0.2951043446696998,1.1028012978733075,diagnostic_fit_of_frozen_predictions_not_recalibration,estimated_descriptive_only,False,False,False
3h_report_evidence_strict_baseline_raw,3,report_evidence_strict,baseline,raw,development,recorded_sex,sex_M,866,166,394,0.7813769363166954,0.4308255043446152,0.19168591224018475,0.45496535796766746,0.12897729238097677,0.15333118128435694,-0.03835473095582781,0.15639890941633322,0.17533125478746292,0.28016004401310945,0.9645187732290089,diagnostic_fit_of_frozen_predictions_not_recalibration,estimated_descriptive_only,False,False,False
3h_report_evidence_strict_baseline_raw,3,report_evidence_strict,baseline,raw,development,recorded_sex,sex_unknown,0,0,0,,,,,,,,,,,,diagnostic_fit_of_frozen_predictions_not_recalibration,insufficient_group_support,True,False,False
3h_report_evidence_strict_baseline_raw,3,report_evidence_strict,baseline,raw,test,overall,all,756,108,305,0.7672753772290809,0.32703273385869047,0.14285714285714285,0.40343915343915343,0.10756730520512187,0.13930900053346768,-0.003548142323675174,0.12256271823037235,0.12234889403370341,-0.1461831235530471,0.8810522006066283,diagnostic_fit_of_frozen_predictions_not_recalibration,estimated_descriptive_only,False,False,False
3h_report_evidence_strict_baseline_raw,3,report_evidence_strict,baseline,raw,test,age,age_lt45,111,5,23,0.8367924528301887,0.4185328185328185,0.04504504504504504,0.2072072072072072,0.03600106184117743,0.03393065464949058,-0.011114390395554466,0.054783233232344325,0.3428452517855006,,,diagnostic_fit_of_frozen_predictions_not_recalibration,insufficient_group_support,True,False,False
3h_report_evidence_strict_baseline_raw,3,report_evidence_strict,baseline,raw,test,age,age_45_64,343,37,107,0.7307454513336866,0.26350411686442654,0.10787172011661808,0.3119533527696793,0.08840564467060237,0.08903082724000852,-0.01884089287660956,0.09831935786050841,0.10083175282705992,0.15412649792392366,0.9625692461487728,diagnostic_fit_of_frozen_predictions_not_recalibration,estimated_descriptive_only,False,False,False
3h_report_evidence_strict_baseline_raw,3,report_evidence_strict,baseline,raw,test,age,age_ge65,302,66,175,0.6886877247046739,0.3681915976229425,0.2185430463576159,0.5794701986754967,0.15563453228041338,0.2351447946817392,0.01660174832412331,0.1750097230040296,0.1107092245564556,-0.27871614255087157,0.8390665467091969,diagnostic_fit_of_frozen_predictions_not_recalibration,estimated_descriptive_only,False,False,False
3h_report_evidence_strict_baseline_raw,3,report_evidence_strict,baseline,raw,test,recorded_sex,sex_F,351,27,119,0.764288980338363,0.18166158250556047,0.07692307692307693,0.33903133903133903,0.07213542387379338,0.1267118000869088,0.04978872316383187,0.07687330830255182,0.061632373230399495,-0.8656968410690976,0.843439998341465,diagnostic_fit_of_frozen_predictions_not_recalibration,estimated_descriptive_only,False,False,False
3h_report_evidence_strict_baseline_raw,3,report_evidence_strict,baseline,raw,test,recorded_sex,sex_M,405,81,186,0.7696997408931565,0.42456831102286774,0.2,0.45925925925925926,0.13827493569227325,0.150226574253819,-0.049773425746181016,0.16216020683448354,0.14729428142990664,0.22133264638200761,0.8645410806113066,diagnostic_fit_of_frozen_predictions_not_recalibration,estimated_descriptive_only,False,False,False
3h_report_evidence_strict_baseline_raw,3,report_evidence_strict,baseline,raw,test,recorded_sex,sex_unknown,0,0,0,,,,,,,,,,,,diagnostic_fit_of_frozen_predictions_not_recalibration,insufficient_group_support,True,False,False
3h_report_evidence_strict_expanded_coded_hadm,3,report_evidence_strict,expanded_coded,hadm,development,overall,all,1704,262,1294,0.778027760426041,0.3797689331299974,0.15375586854460094,0.7593896713615024,0.10920258461687962,0.15375586854460108,1.3877787807814457e-16,0.13011500143269628,0.16072256531183982,-7.801286359038589e-09,0.9999999945186198,diagnostic_fit_of_frozen_predictions_not_recalibration,estimated_descriptive_only,False,False,False
3h_report_evidence_strict_expanded_coded_hadm,3,report_evidence_strict,expanded_coded,hadm,development,age,age_lt45,220,9,103,0.7585571353343865,0.13757198149721514,0.04090909090909091,0.4681818181818182,0.037215827619873805,0.03395245062403356,-0.006956640285057346,0.051969932412800866,0.2838969401717547,,,diagnostic_fit_of_frozen_predictions_not_recalibration,insufficient_group_support,True,False,False
3h_report_evidence_strict_expanded_coded_hadm,3,report_evidence_strict,expanded_coded,hadm,development,age,age_45_64,796,95,603,0.7771679555522186,0.31835023961166115,0.11934673366834171,0.757537688442211,0.09214568241871902,0.09765228657795322,-0.021694447090388494,0.10628707939397204,0.1330490691425945,0.8348764035242074,1.308089647644831,diagnostic_fit_of_frozen_predictions_not_recalibration,estimated_descriptive_only,False,False,False
3h_report_evidence_strict_expanded_coded_hadm,3,report_evidence_strict,expanded_coded,hadm,development,age,age_ge65,688,158,588,0.7281048483401004,0.4381180021493051,0.22965116279069767,0.8546511627906976,0.1519560449207706,0.25697564062014827,0.027324477829450605,0.18267160190827958,0.1681463164861905,-0.10883109034359084,1.0677540068201952,diagnostic_fit_of_frozen_predictions_not_recalibration,estimated_descriptive_only,False,False,False
3h_report_evidence_strict_expanded_coded_hadm,3,report_evidence_strict,expanded_coded,hadm,development,recorded_sex,sex_F,811,92,606,0.785488601318256,0.33597900746126524,0.11344019728729964,0.7472256473489519,0.08690781662576876,0.15261917126500876,0.03917897397770913,0.10219687227564477,0.1496039488237807,-0.23707272814072586,1.1228796831153773,diagnostic_fit_of_frozen_predictions_not_recalibration,estimated_descriptive_only,False,False,False
3h_report_evidence_strict_expanded_coded_hadm,3,report_evidence_strict,expanded_coded,hadm,development,recorded_sex,sex_M,893,170,688,0.779863314620454,0.4254627049453142,0.19036954087346025,0.7704367301231803,0.1294501286715166,0.15478818824644805,-0.0355813526270122,0.15546953978249314,0.16736018610062486,0.23100263605550395,0.948125621827558,diagnostic_fit_of_frozen_predictions_not_recalibration,estimated_descriptive_only,False,False,False
3h_report_evidence_strict_expanded_coded_hadm,3,report_evidence_strict,expanded_coded,hadm,development,recorded_sex,sex_unknown,0,0,0,,,,,,,,,,,,diagnostic_fit_of_frozen_predictions_not_recalibration,insufficient_group_support,True,False,False
3h_report_evidence_strict_expanded_coded_hadm,3,report_evidence_strict,expanded_coded,hadm,test,overall,all,785,117,603,0.7599544500742106,0.33680238161674075,0.14904458598726114,0.7681528662420383,0.11164109778602674,0.14352234597380584,-0.005522240013455304,0.12685249355848197,0.11991404619446777,-0.21857798714075988,0.8180077539549814,diagnostic_fit_of_frozen_predictions_not_recalibration,estimated_descriptive_only,False,False,False
3h_report_evidence_strict_expanded_coded_hadm,3,report_evidence_strict,expanded_coded,hadm,test,age,age_lt45,114,5,67,0.8394495412844036,0.5516290726817041,0.043859649122807015,0.5877192982456141,0.03473502619433022,0.035735392626409346,-0.00812425649639767,0.05401315934483434,0.35691548845397847,,,diagnostic_fit_of_frozen_predictions_not_recalibration,insufficient_group_support,True,False,False
3h_report_evidence_strict_expanded_coded_hadm,3,report_evidence_strict,expanded_coded,hadm,test,age,age_45_64,356,40,273,0.7054193037974683,0.2594406561095416,0.11235955056179775,0.7668539325842697,0.09225675012874827,0.0878452680906714,-0.024514282471126345,0.10144853710188181,0.0906054166547764,-0.02510188266760204,0.8476214920742914,diagnostic_fit_of_frozen_predictions_not_recalibration,estimated_descriptive_only,False,False,False
3h_report_evidence_strict_expanded_coded_hadm,3,report_evidence_strict,expanded_coded,hadm,test,age,age_ge65,315,72,263,0.6867855509830818,0.38168644860109147,0.22857142857142856,0.834920634920635,0.16138116104775527,0.24545489330078676,0.0168834647293582,0.18192389863437258,0.11291940058905481,-0.32405960167893894,0.7854253194595381,diagnostic_fit_of_frozen_predictions_not_recalibration,estimated_descriptive_only,False,False,False
3h_report_evidence_strict_expanded_coded_hadm,3,report_evidence_strict,expanded_coded,hadm,test,recorded_sex,sex_F,365,31,279,0.7522696542399073,0.19119862315766806,0.08493150684931507,0.7643835616438356,0.0786916011104473,0.13132180026427825,0.04639029341496319,0.08245493875638327,0.04564114294056909,-0.9410694372389735,0.7453973426607372,diagnostic_fit_of_frozen_predictions_not_recalibration,estimated_descriptive_only,False,False,False
3h_report_evidence_strict_expanded_coded_hadm,3,report_evidence_strict,expanded_coded,hadm,test,recorded_sex,sex_M,420,86,324,0.7621675254142877,0.4323744807990781,0.20476190476190476,0.7714285714285715,0.1402757794207564,0.15412520117375222,-0.05063670358815253,0.16543608285078212,0.15208473868859362,0.16958515886350853,0.8277045968171636,diagnostic_fit_of_frozen_predictions_not_recalibration,estimated_descriptive_only,False,False,False
3h_report_evidence_strict_expanded_coded_hadm,3,report_evidence_strict,expanded_coded,hadm,test,recorded_sex,sex_unknown,0,0,0,,,,,,,,,,,,diagnostic_fit_of_frozen_predictions_not_recalibration,insufficient_group_support,True,False,False
3h_report_evidence_strict_expanded_coded_raw,3,report_evidence_strict,expanded_coded,raw,development,overall,all,1661,255,688,0.7758304744372856,0.37818694995514046,0.1535219747140277,0.41420830824804333,0.10926715433683819,0.15352197471402756,-1.3877787807814457e-16,0.12995297799393277,0.15917929682273502,-7.816481739180156e-09,0.9999999942415261,diagnostic_fit_of_frozen_predictions_not_recalibration,estimated_descriptive_only,False,False,False
3h_report_evidence_strict_expanded_coded_raw,3,report_evidence_strict,expanded_coded,raw,development,age,age_lt45,212,9,37,0.7580733442802409,0.140722576562474,0.04245283018867924,0.17452830188679244,0.038476030705459296,0.03406103403938815,-0.008391796149291093,0.05298694226324314,0.27385825522243834,,,diagnostic_fit_of_frozen_predictions_not_recalibration,insufficient_group_support,True,False,False
3h_report_evidence_strict_expanded_coded_raw,3,report_evidence_strict,expanded_coded,raw,development,age,age_45_64,770,92,251,0.7804684494036168,0.31864211282546134,0.11948051948051948,0.32597402597402597,0.09226790491583375,0.09768844142299425,-0.021792078057525227,0.10636374561959965,0.13252486194100754,0.8424813829009495,1.3134810379473372,diagnostic_fit_of_frozen_predictions_not_recalibration,estimated_descriptive_only,False,False,False
3h_report_evidence_strict_expanded_coded_raw,3,report_evidence_strict,expanded_coded,raw,development,age,age_ge65,679,154,400,0.7265924551638837,0.4366647827840551,0.2268041237113402,0.5891016200294551,0.15064733145616913,0.25413690852421805,0.027332784812877847,0.1807342865405355,0.16647065512729042,-0.106954907584364,1.0695423282390346,diagnostic_fit_of_frozen_predictions_not_recalibration,estimated_descriptive_only,False,False,False
3h_report_evidence_strict_expanded_coded_raw,3,report_evidence_strict,expanded_coded,raw,development,recorded_sex,sex_F,795,89,294,0.7798484896711971,0.3318559470390057,0.1119496855345912,0.36981132075471695,0.08654284185739136,0.15253367189180203,0.04058398635721083,0.10114520867091611,0.14437032663637783,-0.27097167560967966,1.1074383844397364,diagnostic_fit_of_frozen_predictions_not_recalibration,estimated_descriptive_only,False,False,False
3h_report_evidence_strict_expanded_coded_raw,3,report_evidence_strict,expanded_coded,raw,development,recorded_sex,sex_M,866,166,394,0.7803442340791739,0.42745763141337756,0.19168591224018475,0.45496535796766746,0.13012838807951732,0.15442925039955832,-0.037256661840626426,0.15639890941633322,0.16797125654427603,0.25709806893045695,0.956804081088011,diagnostic_fit_of_frozen_predictions_not_recalibration,estimated_descriptive_only,False,False,False
3h_report_evidence_strict_expanded_coded_raw,3,report_evidence_strict,expanded_coded,raw,development,recorded_sex,sex_unknown,0,0,0,,,,,,,,,,,,diagnostic_fit_of_frozen_predictions_not_recalibration,insufficient_group_support,True,False,False
3h_report_evidence_strict_expanded_coded_raw,3,report_evidence_strict,expanded_coded,raw,test,overall,all,756,108,305,0.7608882030178327,0.32096467812335155,0.14285714285714285,0.40343915343915343,0.10876494054540205,0.14094502132609588,-0.001912121531046973,0.12256271823037235,0.11257728193524241,-0.23704119758225684,0.8300793842708787,diagnostic_fit_of_frozen_predictions_not_recalibration,estimated_descriptive_only,False,False,False
3h_report_evidence_strict_expanded_coded_raw,3,report_evidence_strict,expanded_coded,raw,test,age,age_lt45,111,5,23,0.8386792452830188,0.5518661518661518,0.04504504504504504,0.2072072072072072,0.03565451832940076,0.0352299278766686,-0.009815117168376443,0.054783233232344325,0.34917097393313157,,,diagnostic_fit_of_frozen_predictions_not_recalibration,insufficient_group_support,True,False,False
3h_report_evidence_strict_expanded_coded_raw,3,report_evidence_strict,expanded_coded,raw,test,age,age_45_64,343,37,107,0.7216922805158099,0.257011198512612,0.10787172011661808,0.3119533527696793,0.08830148923960335,0.08919046226221955,-0.01868125785439853,0.09831935786050841,0.10189111115959504,0.01928399268144768,0.8982855144124219,diagnostic_fit_of_frozen_predictions_not_recalibration,estimated_descriptive_only,False,False,False
3h_report_evidence_strict_expanded_coded_raw,3,report_evidence_strict,expanded_coded,raw,test,age,age_ge65,302,66,175,0.6802131484334875,0.36038698441528805,0.2185430463576159,0.5794701986754967,0.15887825400190897,0.23858140917972495,0.02003836282210905,0.1750097230040296,0.09217470164071506,-0.376306680646817,0.765592586421434,diagnostic_fit_of_frozen_predictions_not_recalibration,estimated_descriptive_only,False,False,False
3h_report_evidence_strict_expanded_coded_raw,3,report_evidence_strict,expanded_coded,raw,test,recorded_sex,sex_F,351,27,119,0.7577160493827161,0.16859167620901225,0.07692307692307693,0.33903133903133903,0.07460762830049347,0.1297499488532143,0.05282687193013738,0.07687330830255182,0.029472908764915706,-1.0404687060601399,0.7474023553072204,diagnostic_fit_of_frozen_predictions_not_recalibration,estimated_descriptive_only,False,False,False
3h_report_evidence_strict_expanded_coded_raw,3,report_evidence_strict,expanded_coded,raw,test,recorded_sex,sex_M,405,81,186,0.7621551592745008,0.42459166275167937,0.2,0.45925925925925926,0.13836794449098946,0.15064741746925978,-0.049352582530740235,0.16216020683448354,0.14672072025523974,0.18263594969968971,0.8432070269165295,diagnostic_fit_of_frozen_predictions_not_recalibration,estimated_descriptive_only,False,False,False
3h_report_evidence_strict_expanded_coded_raw,3,report_evidence_strict,expanded_coded,raw,test,recorded_sex,sex_unknown,0,0,0,,,,,,,,,,,,diagnostic_fit_of_frozen_predictions_not_recalibration,insufficient_group_support,True,False,False
6h_report_evidence_proxy_baseline_hadm,6,report_evidence_proxy,baseline,hadm,development,overall,all,3639,395,2325,0.7994053286300707,0.31618817203414107,0.108546303929651,0.638911788953009,0.08231496712689933,0.108546303929651,0.0,0.09676400383286286,0.14932243534404444,-4.854350212136769e-09,0.9999999969946516,diagnostic_fit_of_frozen_predictions_not_recalibration,estimated_descriptive_only,False,False,False
6h_report_evidence_proxy_baseline_hadm,6,report_evidence_proxy,baseline,hadm,development,age,age_lt45,726,17,259,0.8047374097735004,0.13799312709014228,0.023415977961432508,0.35674931129476584,0.021309131628239532,0.020028198665967677,-0.00338777929546483,0.030114842336997363,0.29240434368602497,,,diagnostic_fit_of_frozen_predictions_not_recalibration,insufficient_group_support,True,False,False
6h_report_evidence_proxy_baseline_hadm,6,report_evidence_proxy,baseline,hadm,development,age,age_45_64,1666,150,1070,0.7689797713280563,0.2661726197379168,0.09003601440576231,0.6422569027611045,0.07294169991936733,0.07369257223957121,-0.016343442166191102,0.08227216133394585,0.11340970339536627,0.579015651236204,1.1521316285667966,diagnostic_fit_of_frozen_predictions_not_recalibration,estimated_descriptive_only,False,False,False
6h_report_evidence_proxy_baseline_hadm,6,report_evidence_proxy,baseline,hadm,development,age,age_ge65,1247,228,996,0.7348320506860871,0.36785868790018267,0.18283881315156375,0.7987169206094628,0.13035514334163442,0.20664611260415527,0.023807299452591524,0.15492815848337918,0.15860909586930239,-0.024738018913463045,1.1284161408540163,diagnostic_fit_of_frozen_predictions_not_recalibration,estimated_descriptive_only,False,False,False
6h_report_evidence_proxy_baseline_hadm,6,report_evidence_proxy,baseline,hadm,development,recorded_sex,sex_F,1941,135,1172,0.8157868832287437,0.2750308983433188,0.0695517774343122,0.603812467800103,0.057063646778127856,0.10269672955876524,0.033144952124453037,0.06623490078663591,0.13846558082802352,-0.30634069480863413,1.1164460238591574,diagnostic_fit_of_frozen_predictions_not_recalibration,estimated_descriptive_only,False,False,False
6h_report_evidence_proxy_baseline_hadm,6,report_evidence_proxy,baseline,hadm,development,recorded_sex,sex_M,1698,260,1153,0.7898630576655612,0.3671951124760376,0.15312131919905772,0.6790341578327445,0.11117999233123661,0.11523300820167061,-0.03788831099738711,0.1316621127920656,0.15556578902221074,0.27909495537612755,0.9318018521468505,diagnostic_fit_of_frozen_predictions_not_recalibration,estimated_descriptive_only,False,False,False
6h_report_evidence_proxy_baseline_hadm,6,report_evidence_proxy,baseline,hadm,development,recorded_sex,sex_unknown,0,0,0,,,,,,,,,,,,diagnostic_fit_of_frozen_predictions_not_recalibration,insufficient_group_support,True,False,False
6h_report_evidence_proxy_baseline_hadm,6,report_evidence_proxy,baseline,hadm,test,overall,all,1600,166,1036,0.7952080287677908,0.28968773704030976,0.10375,0.6475,0.08070111947027997,0.10284100876246591,-0.0009089912375340875,0.09300894203138563,0.13232945448355293,-0.07913512548392651,0.9472605393171692,diagnostic_fit_of_frozen_predictions_not_recalibration,estimated_descriptive_only,False,False,False
6h_report_evidence_proxy_baseline_hadm,6,report_evidence_proxy,baseline,hadm,test,age,age_lt45,326,10,130,0.7895569620253164,0.2860543058395819,0.03067484662576687,0.3987730061349693,0.026317981541369793,0.02097428960736854,-0.00970055701839833,0.03579786427288321,0.26481699185318164,,,diagnostic_fit_of_frozen_predictions_not_recalibration,insufficient_group_support,True,False,False
6h_report_evidence_proxy_baseline_hadm,6,report_evidence_proxy,baseline,hadm,test,age,age_45_64,755,63,500,0.7560670703734288,0.272715617636614,0.08344370860927153,0.6622516556291391,0.06819869453341743,0.06829715877668503,-0.015146549832586495,0.07711099639462134,0.11557757360045684,0.5997895206286986,1.1572415268945544,diagnostic_fit_of_frozen_predictions_not_recalibration,estimated_descriptive_only,False,False,False
6h_report_evidence_proxy_baseline_hadm,6,report_evidence_proxy,baseline,hadm,test,age,age_ge65,519,93,406,0.716517744459589,0.3247659865497161,0.1791907514450867,0.7822736030828517,0.1330483907461105,0.20451568541723708,0.025324933972150382,0.15207206400639317,0.12509643624934896,-0.18559421518853125,0.9983187474908356,diagnostic_fit_of_frozen_predictions_not_recalibration,estimated_descriptive_only,False,False,False
6h_report_evidence_proxy_baseline_hadm,6,report_evidence_proxy,baseline,hadm,test,recorded_sex,sex_F,853,55,526,0.7998405103668261,0.19509510006042496,0.06447831184056271,0.6166471277842908,0.05648563675130661,0.09375062228307084,0.029272310442508123,0.06226284706951789,0.09278744211232237,-0.4946499087845027,0.9791642258736313,diagnostic_fit_of_frozen_predictions_not_recalibration,estimated_descriptive_only,False,False,False
6h_report_evidence_proxy_baseline_hadm,6,report_evidence_proxy,baseline,hadm,test,recorded_sex,sex_M,747,111,510,0.7898889455493229,0.37170864406410004,0.14859437751004015,0.6827309236947792,0.10835280187896051,0.11322132960172153,-0.03537304790831862,0.12811793667994428,0.1542729715540121,0.20206360970048132,0.8968397765389209,diagnostic_fit_of_frozen_predictions_not_recalibration,estimated_descriptive_only,False,False,False
6h_report_evidence_proxy_baseline_hadm,6,report_evidence_proxy,baseline,hadm,test,recorded_sex,sex_unknown,0,0,0,,,,,,,,,,,,diagnostic_fit_of_frozen_predictions_not_recalibration,insufficient_group_support,True,False,False
6h_report_evidence_proxy_baseline_raw,6,report_evidence_proxy,baseline,raw,development,overall,all,3543,379,1210,0.8013156753583354,0.3145040500132105,0.10697149308495625,0.3415184871577759,0.08127892902967589,0.10697149308495635,9.71445146547012e-17,0.09552859275213084,0.1491664779301075,-5.143771931809295e-09,0.9999999967852942,diagnostic_fit_of_frozen_predictions_not_recalibration,estimated_descriptive_only,False,False,False
6h_report_evidence_proxy_baseline_raw,6,report_evidence_proxy,baseline,raw,development,age,age_lt45,706,17,116,0.8061128660462734,0.1445764479601582,0.024079320113314446,0.1643059490084986,0.0218483130135485,0.019368557712569366,-0.00471076240074508,0.030370618796155584,0.28061021212007264,,,diagnostic_fit_of_frozen_predictions_not_recalibration,insufficient_group_support,True,False,False
6h_report_evidence_proxy_baseline_raw,6,report_evidence_proxy,baseline,raw,development,age,age_45_64,1611,140,466,0.777255511313975,0.26638225043463554,0.08690254500310367,0.2892613283674736,0.07037944851538719,0.07180737177091909,-0.01509517323218458,0.07975325535219896,0.1175350999205742,0.5632388185483105,1.150132625965046,diagnostic_fit_of_frozen_predictions_not_recalibration,estimated_descriptive_only,False,False,False
6h_report_evidence_proxy_baseline_raw,6,report_evidence_proxy,baseline,raw,development,age,age_ge65,1226,222,628,0.7307526650156132,0.363558961464763,0.18107667210440456,0.5122349102773246,0.12982466966255174,0.20362489586621157,0.022548223761807012,0.1537794884815026,0.15577382299481557,-0.026337751243329335,1.1174495234189794,diagnostic_fit_of_frozen_predictions_not_recalibration,estimated_descriptive_only,False,False,False
6h_report_evidence_proxy_baseline_raw,6,report_evidence_proxy,baseline,raw,development,recorded_sex,sex_F,1903,129,541,0.8226121496552267,0.275004516122113,0.06778770362585392,0.2842879663688912,0.055720335369718335,0.10149970318897167,0.03371199956311775,0.06472790021936219,0.1391604674200354,-0.2852181619827887,1.14142176559503,diagnostic_fit_of_frozen_predictions_not_recalibration,estimated_descriptive_only,False,False,False
6h_report_evidence_proxy_baseline_raw,6,report_evidence_proxy,baseline,raw,development,recorded_sex,sex_M,1640,250,669,0.7896474820143885,0.36607575411648874,0.1524390243902439,0.40792682926829266,0.11093624838022456,0.1133207712386508,-0.039118253151593105,0.1312686646361914,0.15489162103018073,0.2784014155441097,0.9224236300081389,diagnostic_fit_of_frozen_predictions_not_recalibration,estimated_descriptive_only,False,False,False
6h_report_evidence_proxy_baseline_raw,6,report_evidence_proxy,baseline,raw,development,recorded_sex,sex_unknown,0,0,0,,,,,,,,,,,,diagnostic_fit_of_frozen_predictions_not_recalibration,insufficient_group_support,True,False,False
6h_report_evidence_proxy_baseline_raw,6,report_evidence_proxy,baseline,raw,test,overall,all,1540,156,503,0.7970718467467023,0.2821135112345522,0.1012987012987013,0.32662337662337665,0.07931363994565518,0.10094331621948711,-0.0003553850792141905,0.09106945498054765,0.12908625660934825,-0.09032161468905034,0.9450715835541603,diagnostic_fit_of_frozen_predictions_not_recalibration,estimated_descriptive_only,False,False,False
6h_report_evidence_proxy_baseline_raw,6,report_evidence_proxy,baseline,raw,test,age,age_lt45,316,10,43,0.7915032679738562,0.32104922644163153,0.03164556962025317,0.1360759493670886,0.026933964206384022,0.019868126870071237,-0.01177744275018193,0.036318122289473204,0.2583877549696223,,,diagnostic_fit_of_frozen_predictions_not_recalibration,insufficient_group_support,True,False,False
6h_report_evidence_proxy_baseline_raw,6,report_evidence_proxy,baseline,raw,test,age,age_45_64,725,60,206,0.7665413533834586,0.27378136014852866,0.08275862068965517,0.28413793103448276,0.06742224733323497,0.06723910311314982,-0.015519517576505354,0.0764958945808321,0.11861613354961342,0.6033408567110947,1.1551849694635759,diagnostic_fit_of_frozen_predictions_not_recalibration,estimated_descriptive_only,False,False,False
6h_report_evidence_proxy_baseline_raw,6,report_evidence_proxy,baseline,raw,test,age,age_ge65,499,86,254,0.7211977025733431,0.3136009730995243,0.17234468937875752,0.5090180360721442,0.1297610090390708,0.2012545673948577,0.028909878016100177,0.14691565221536496,0.11676525215398426,-0.1956009778005764,1.014946582733564,diagnostic_fit_of_frozen_predictions_not_recalibration,estimated_descriptive_only,False,False,False
6h_report_evidence_proxy_baseline_raw,6,report_evidence_proxy,baseline,raw,test,recorded_sex,sex_F,817,51,220,0.8029360569292991,0.1864793538905457,0.06242350061199511,0.2692778457772338,0.05527625397450009,0.09209542692910389,0.029671926317108778,0.0605113308167104,0.08651399285974104,-0.5211571069824316,0.9734846077705205,diagnostic_fit_of_frozen_predictions_not_recalibration,estimated_descriptive_only,False,False,False
6h_report_evidence_proxy_baseline_raw,6,report_evidence_proxy,baseline,raw,test,recorded_sex,sex_M,723,105,283,0.7909924487594391,0.36789154952584524,0.14522821576763487,0.3914246196403873,0.10647621856036303,0.11094155349506536,-0.034286662272569504,0.12560055794300337,0.15226317220118424,0.19663473067435588,0.8977676711855331,diagnostic_fit_of_frozen_predictions_not_recalibration,estimated_descriptive_only,False,False,False
6h_report_evidence_proxy_baseline_raw,6,report_evidence_proxy,baseline,raw,test,recorded_sex,sex_unknown,0,0,0,,,,,,,,,,,,diagnostic_fit_of_frozen_predictions_not_recalibration,insufficient_group_support,True,False,False
6h_report_evidence_proxy_expanded_coded_hadm,6,report_evidence_proxy,expanded_coded,hadm,development,overall,all,3639,395,2325,0.7958037428397509,0.31111825641438307,0.108546303929651,0.638911788953009,0.08307396133056132,0.10854630392965131,3.0531133177191805e-16,0.09676400383286286,0.14147866934018027,-5.784744779619467e-09,0.9999999959848245,diagnostic_fit_of_frozen_predictions_not_recalibration,estimated_descriptive_only,False,False,False
6h_report_evidence_proxy_expanded_coded_hadm,6,report_evidence_proxy,expanded_coded,hadm,development,age,age_lt45,726,17,259,0.8080560856218368,0.1371886334936381,0.023415977961432508,0.35674931129476584,0.02124213470186574,0.021048956803916736,-0.0023670211575157717,0.030114842336997363,0.2946290581847453,,,diagnostic_fit_of_frozen_predictions_not_recalibration,insufficient_group_support,True,False,False
6h_report_evidence_proxy_expanded_coded_hadm,6,report_evidence_proxy,expanded_coded,hadm,development,age,age_45_64,1666,150,1070,0.7661521547933158,0.2537891219112123,0.09003601440576231,0.6422569027611045,0.07354180878162292,0.07411046357234667,-0.01592555083341564,0.08227216133394585,0.10611551235278849,0.5952719665398238,1.1667929696197672,diagnostic_fit_of_frozen_predictions_not_recalibration,estimated_descriptive_only,False,False,False
6h_report_evidence_proxy_expanded_coded_hadm,6,report_evidence_proxy,expanded_coded,hadm,development,age,age_ge65,1247,228,996,0.7261913985159169,0.36317001960550993,0.18283881315156375,0.7987169206094628,0.13180729916453549,0.2054935244978563,0.022654711346292544,0.15492815848337918,0.14923600425628325,-0.04964408048700334,1.0962750487849555,diagnostic_fit_of_frozen_predictions_not_recalibration,estimated_descriptive_only,False,False,False
6h_report_evidence_proxy_expanded_coded_hadm,6,report_evidence_proxy,expanded_coded,hadm,development,recorded_sex,sex_F,1941,135,1172,0.8138242894056847,0.2644153297310041,0.0695517774343122,0.603812467800103,0.057505337622180915,0.10245966085350453,0.03290788341919232,0.06623490078663591,0.13179702937241122,-0.29527104331159926,1.1179509982387132,diagnostic_fit_of_frozen_predictions_not_recalibration,estimated_descriptive_only,False,False,False
6h_report_evidence_proxy_expanded_coded_hadm,6,report_evidence_proxy,expanded_coded,hadm,development,recorded_sex,sex_M,1698,260,1153,0.7838424093291966,0.3627883019804908,0.15312131919905772,0.6790341578327445,0.11230169903254464,0.11550400370044038,-0.03761731549861734,0.1316621127920656,0.1470462029581504,0.26437580887686607,0.9279098394705038,diagnostic_fit_of_frozen_predictions_not_recalibration,estimated_descriptive_only,False,False,False
6h_report_evidence_proxy_expanded_coded_hadm,6,report_evidence_proxy,expanded_coded,hadm,development,recorded_sex,sex_unknown,0,0,0,,,,,,,,,,,,diagnostic_fit_of_frozen_predictions_not_recalibration,insufficient_group_support,True,False,False
6h_report_evidence_proxy_expanded_coded_hadm,6,report_evidence_proxy,expanded_coded,hadm,test,overall,all,1600,166,1036,0.7910407319655189,0.2906062764275557,0.10375,0.6475,0.08126285944204188,0.1048009896291068,0.0010509896291068105,0.09300894203138563,0.12628982044952264,-0.1416466478733934,0.9245339504107669,diagnostic_fit_of_frozen_predictions_not_recalibration,estimated_descriptive_only,False,False,False
6h_report_evidence_proxy_expanded_coded_hadm,6,report_evidence_proxy,expanded_coded,hadm,test,age,age_lt45,326,10,130,0.7909810126582278,0.3810774539877301,0.03067484662576687,0.3987730061349693,0.025823614411574304,0.021643259341563904,-0.009031587284202967,0.03579786427288321,0.27862695342035737,,,diagnostic_fit_of_frozen_predictions_not_recalibration,insufficient_group_support,True,False,False
6h_report_evidence_proxy_expanded_coded_hadm,6,report_evidence_proxy,expanded_coded,hadm,test,age,age_45_64,755,63,500,0.7461120286264795,0.2602176112911058,0.08344370860927153,0.6622516556291391,0.06915917106157854,0.06935063042766682,-0.014093078181604712,0.07711099639462134,0.10312180758693268,0.47278255852576817,1.1127214418859457,diagnostic_fit_of_frozen_predictions_not_recalibration,estimated_descriptive_only,False,False,False
6h_report_evidence_proxy_expanded_coded_hadm,6,report_evidence_proxy,expanded_coded,hadm,test,age,age_ge65,519,93,406,0.7137159876823665,0.33066982774621323,0.1791907514450867,0.7822736030828517,0.1336934540608901,0.20860530807000502,0.02941455662491832,0.15207206400639317,0.12085460972457396,-0.243162022335224,0.973293809187388,diagnostic_fit_of_frozen_predictions_not_recalibration,estimated_descriptive_only,False,False,False
6h_report_evidence_proxy_expanded_coded_hadm,6,report_evidence_proxy,expanded_coded,hadm,test,recorded_sex,sex_F,853,55,526,0.7973000683527,0.18847193681030278,0.06447831184056271,0.6166471277842908,0.05816844179672092,0.09613769405351429,0.03165938221295157,0.06226284706951789,0.0657600072194815,-0.6336025111010324,0.9165339824054324,diagnostic_fit_of_frozen_predictions_not_recalibration,estimated_descriptive_only,False,False,False
6h_report_evidence_proxy_expanded_coded_hadm,6,report_evidence_proxy,expanded_coded,hadm,test,recorded_sex,sex_M,747,111,510,0.784038755736869,0.3827487307211282,0.14859437751004015,0.6827309236947792,0.10763439659258911,0.11469361496509119,-0.03390076254494896,0.12811793667994428,0.15988034632906856,0.19228078620216357,0.9018957781052503,diagnostic_fit_of_frozen_predictions_not_recalibration,estimated_descriptive_only,False,False,False
6h_report_evidence_proxy_expanded_coded_hadm,6,report_evidence_proxy,expanded_coded,hadm,test,recorded_sex,sex_unknown,0,0,0,,,,,,,,,,,,diagnostic_fit_of_frozen_predictions_not_recalibration,insufficient_group_support,True,False,False
6h_report_evidence_proxy_expanded_coded_raw,6,report_evidence_proxy,expanded_coded,raw,development,overall,all,3543,379,1210,0.7979287098592677,0.3104925358380511,0.10697149308495625,0.3415184871577759,0.0819355142992812,0.10697149308495615,-9.71445146547012e-17,0.09552859275213084,0.14229329733894192,-6.14084364992948e-09,0.9999999956049694,diagnostic_fit_of_frozen_predictions_not_recalibration,estimated_descriptive_only,False,False,False
6h_report_evidence_proxy_expanded_coded_raw,6,report_evidence_proxy,expanded_coded,raw,development,age,age_lt45,706,17,116,0.8094424997865619,0.1436273290406164,0.024079320113314446,0.1643059490084986,0.021761018690398478,0.0203593225371888,-0.0037199975761256464,0.030370618796155584,0.28348451388310003,,,diagnostic_fit_of_frozen_predictions_not_recalibration,insufficient_group_support,True,False,False
6h_report_evidence_proxy_expanded_coded_raw,6,report_evidence_proxy,expanded_coded,raw,development,age,age_45_64,1611,140,466,0.7747960571040109,0.2540331262041567,0.08690254500310367,0.2892613283674736,0.07094169379415056,0.07220899416762605,-0.014693550835477617,0.07975325535219896,0.11048529015067277,0.5767830887098436,1.163574718712632,diagnostic_fit_of_frozen_predictions_not_recalibration,estimated_descriptive_only,False,False,False
6h_report_evidence_proxy_expanded_coded_raw,6,report_evidence_proxy,expanded_coded,raw,development,age,age_ge65,1226,222,628,0.7231008398837084,0.36061484801843263,0.18107667210440456,0.5122349102773246,0.13103358830714093,0.20252661393531737,0.02144994183091281,0.1537794884815026,0.1479124452745053,-0.05416309438269964,1.0844692838322392,diagnostic_fit_of_frozen_predictions_not_recalibration,estimated_descriptive_only,False,False,False
6h_report_evidence_proxy_expanded_coded_raw,6,report_evidence_proxy,expanded_coded,raw,development,recorded_sex,sex_F,1903,129,541,0.8201345009307569,0.26522100272438703,0.06778770362585392,0.2842879663688912,0.05607319517075908,0.10110510627985822,0.033317402654004305,0.06472790021936219,0.13370903457817107,-0.2688677753158622,1.1444838582909422,diagnostic_fit_of_frozen_predictions_not_recalibration,estimated_descriptive_only,False,False,False
6h_report_evidence_proxy_expanded_coded_raw,6,report_evidence_proxy,expanded_coded,raw,development,recorded_sex,sex_M,1640,250,669,0.7842503597122302,0.36271368500893625,0.1524390243902439,0.40792682926829266,0.111945266312438,0.11377864801794467,-0.03866037637229923,0.1312686646361914,0.14720495845149217,0.2589046753662239,0.9166698982620849,diagnostic_fit_of_frozen_predictions_not_recalibration,estimated_descriptive_only,False,False,False
6h_report_evidence_proxy_expanded_coded_raw,6,report_evidence_proxy,expanded_coded,raw,development,recorded_sex,sex_unknown,0,0,0,,,,,,,,,,,,diagnostic_fit_of_frozen_predictions_not_recalibration,insufficient_group_support,True,False,False
6h_report_evidence_proxy_expanded_coded_raw,6,report_evidence_proxy,expanded_coded,raw,test,overall,all,1540,156,503,0.7928361679264858,0.28141568113145105,0.1012987012987013,0.32662337662337665,0.07988931244738398,0.10231364006275764,0.001014938764056339,0.09106945498054765,0.12276500979995697,-0.14172305806781965,0.925127931064338,diagnostic_fit_of_frozen_predictions_not_recalibration,estimated_descriptive_only,False,False,False
6h_report_evidence_proxy_expanded_coded_raw,6,report_evidence_proxy,expanded_coded,raw,test,age,age_lt45,316,10,43,0.7926470588235294,0.405554276946682,0.03164556962025317,0.1360759493670886,0.02648228899758394,0.02060579503656771,-0.011039774583685456,0.036318122289473204,0.2708243893638791,,,diagnostic_fit_of_frozen_predictions_not_recalibration,insufficient_group_support,True,False,False
6h_report_evidence_proxy_expanded_coded_raw,6,report_evidence_proxy,expanded_coded,raw,test,age,age_45_64,725,60,206,0.7572681704260652,0.2631329572552143,0.08275862068965517,0.28413793103448276,0.06826595925250294,0.06818962751881669,-0.014568993170838485,0.0764958945808321,0.10758662766709282,0.4906504271449697,1.1162895903668448,diagnostic_fit_of_frozen_predictions_not_recalibration,estimated_descriptive_only,False,False,False
6h_report_evidence_proxy_expanded_coded_raw,6,report_evidence_proxy,expanded_coded,raw,test,age,age_ge65,499,86,254,0.7157075285770595,0.3158216223366368,0.17234468937875752,0.5090180360721442,0.13059783043621268,0.20363545994779444,0.031290770569036924,0.14691565221536496,0.11106932129486002,-0.25000607063776326,0.9834155393876607,diagnostic_fit_of_frozen_predictions_not_recalibration,estimated_descriptive_only,False,False,False
6h_report_evidence_proxy_expanded_coded_raw,6,report_evidence_proxy,expanded_coded,raw,test,recorded_sex,sex_F,817,51,220,0.8010802232120002,0.18158920089365221,0.06242350061199511,0.2692778457772338,0.05690109313951786,0.09370884028449109,0.03128533967249598,0.0605113308167104,0.05966217613240066,-0.6467353945847567,0.9135362524545162,diagnostic_fit_of_frozen_predictions_not_recalibration,estimated_descriptive_only,False,False,False
6h_report_evidence_proxy_expanded_coded_raw,6,report_evidence_proxy,expanded_coded,raw,test,recorded_sex,sex_M,723,105,283,0.7843735552473416,0.3766208862380145,0.14522821576763487,0.3914246196403873,0.10586631822127969,0.11203718282741044,-0.03319103294022442,0.12560055794300337,0.15711904504977547,0.19189298930017842,0.903835608604633,diagnostic_fit_of_frozen_predictions_not_recalibration,estimated_descriptive_only,False,False,False
6h_report_evidence_proxy_expanded_coded_raw,6,report_evidence_proxy,expanded_coded,raw,test,recorded_sex,sex_unknown,0,0,0,,,,,,,,,,,,diagnostic_fit_of_frozen_predictions_not_recalibration,insufficient_group_support,True,False,False
6h_report_evidence_strict_baseline_hadm,6,report_evidence_strict,baseline,hadm,development,overall,all,2478,315,1803,0.7863108997644365,0.33841246264016317,0.1271186440677966,0.7276029055690073,0.09383322847128121,0.12711864406779672,1.1102230246251565e-16,0.11095949439816191,0.15434700761546005,-7.262756703522834e-09,0.9999999956146701,diagnostic_fit_of_frozen_predictions_not_recalibration,estimated_descriptive_only,False,False,False
6h_report_evidence_strict_baseline_hadm,6,report_evidence_strict,baseline,hadm,development,age,age_lt45,376,12,181,0.7934981684981685,0.1258999570169783,0.031914893617021274,0.48138297872340424,0.029590937554775834,0.026101310816708835,-0.005813582800312439,0.03996008728232898,0.25948766463627215,,,diagnostic_fit_of_frozen_predictions_not_recalibration,insufficient_group_support,True,False,False
6h_report_evidence_strict_baseline_hadm,6,report_evidence_strict,baseline,hadm,development,age,age_45_64,1153,113,828,0.7658228386657591,0.28030048640348754,0.09800520381613183,0.7181266261925412,0.07872766219560445,0.08212502706462,-0.015880176751511835,0.08924777624437737,0.11787536330279924,0.5841381952525823,1.173293531536296,diagnostic_fit_of_frozen_predictions_not_recalibration,estimated_descriptive_only,False,False,False
6h_report_evidence_strict_baseline_hadm,6,report_evidence_strict,baseline,hadm,development,age,age_ge65,949,190,794,0.7360619929269815,0.39169067591793566,0.20021074815595363,0.8366701791359326,0.1376391497573315,0.22180795672013756,0.02159720856418393,0.16546886015882092,0.16818699527378034,-0.030471586652985064,1.1122411594309234,diagnostic_fit_of_frozen_predictions_not_recalibration,estimated_descriptive_only,False,False,False
6h_report_evidence_strict_baseline_hadm,6,report_evidence_strict,baseline,hadm,development,recorded_sex,sex_F,1265,109,894,0.8028118154979207,0.3001175499589786,0.08616600790513834,0.7067193675889328,0.06857362912627078,0.12351174619319093,0.037345738288052585,0.08041854539550083,0.147290854503478,-0.26881022872450316,1.1353099531078887,diagnostic_fit_of_frozen_predictions_not_recalibration,estimated_descriptive_only,False,False,False
6h_report_evidence_strict_baseline_hadm,6,report_evidence_strict,baseline,hadm,development,recorded_sex,sex_M,1213,206,909,0.7810616943531203,0.386530853000921,0.16982687551525144,0.7493816982687551,0.12017567956067822,0.1308801657589559,-0.03894670975629555,0.14280970090134826,0.1584907831737945,0.2609578780861391,0.9306743943502725,diagnostic_fit_of_frozen_predictions_not_recalibration,estimated_descriptive_only,False,False,False
6h_report_evidence_strict_baseline_hadm,6,report_evidence_strict,baseline,hadm,development,recorded_sex,sex_unknown,0,0,0,,,,,,,,,,,,diagnostic_fit_of_frozen_predictions_not_recalibration,insufficient_group_support,True,False,False
6h_report_evidence_strict_baseline_hadm,6,report_evidence_strict,baseline,hadm,test,overall,all,1103,134,811,0.7725228347426952,0.30095562066429016,0.1214868540344515,0.7352674524025385,0.09358963330532671,0.1176212997305121,-0.0038655543039394086,0.1067595153902429,0.12336026476680528,-0.15514765206755923,0.8797726310758606,diagnostic_fit_of_frozen_predictions_not_recalibration,estimated_descriptive_only,False,False,False
6h_report_evidence_strict_baseline_hadm,6,report_evidence_strict,baseline,hadm,test,age,age_lt45,183,9,99,0.8205619412515964,0.4035215543412265,0.04918032786885246,0.5409836065573771,0.04168321804468703,0.0250523713841945,-0.02412795648465796,0.05283600435149124,0.21108307571122054,,,diagnostic_fit_of_frozen_predictions_not_recalibration,insufficient_group_support,True,False,False
6h_report_evidence_strict_baseline_hadm,6,report_evidence_strict,baseline,hadm,test,age,age_45_64,507,44,375,0.7384891026899666,0.285510108968512,0.08678500986193294,0.7396449704142012,0.07049734167007873,0.07529650168442427,-0.011488508177508669,0.08088017397344943,0.12837302138814732,0.3235469868474208,1.069658940666464,diagnostic_fit_of_frozen_predictions_not_recalibration,estimated_descriptive_only,False,False,False
6h_report_evidence_strict_baseline_hadm,6,report_evidence_strict,baseline,hadm,test,age,age_ge65,413,81,337,0.6779153651643611,0.3285982221731188,0.19612590799031476,0.8159806295399515,0.1449374925105757,0.21059656969841212,0.014470661708097354,0.16242253867936127,0.10765160002395258,-0.3094122472867678,0.8214180383330241,diagnostic_fit_of_frozen_predictions_not_recalibration,estimated_descriptive_only,False,False,False
6h_report_evidence_strict_baseline_hadm,6,report_evidence_strict,baseline,hadm,test,recorded_sex,sex_F,535,40,388,0.7842171717171718,0.19769444438811762,0.07476635514018691,0.7252336448598131,0.06626124233130572,0.11137959255283147,0.036613237412644564,0.07191710943519818,0.07864424958554195,-0.631449358642136,0.9173944314209033,diagnostic_fit_of_frozen_predictions_not_recalibration,estimated_descriptive_only,False,False,False
6h_report_evidence_strict_baseline_hadm,6,report_evidence_strict,baseline,hadm,test,recorded_sex,sex_M,568,94,423,0.7715459197414489,0.3837631020909573,0.16549295774647887,0.7447183098591549,0.1193302832544487,0.12350037251230642,-0.04199258523417246,0.13957762663311077,0.1450615250242332,0.16329200618502696,0.8501470107531447,diagnostic_fit_of_frozen_predictions_not_recalibration,estimated_descriptive_only,False,False,False
6h_report_evidence_strict_baseline_hadm,6,report_evidence_strict,baseline,hadm,test,recorded_sex,sex_unknown,0,0,0,,,,,,,,,,,,diagnostic_fit_of_frozen_predictions_not_recalibration,insufficient_group_support,True,False,False
6h_report_evidence_strict_baseline_raw,6,report_evidence_strict,baseline,raw,development,overall,all,2408,302,918,0.7874945755740458,0.33617122824411605,0.12541528239202657,0.3812292358803987,0.0928669900486381,0.1254152823920267,1.3877787807814457e-16,0.109686289334555,0.15334003354435866,-6.276614433466424e-09,0.9999999959102375,diagnostic_fit_of_frozen_predictions_not_recalibration,estimated_descriptive_only,False,False,False
6h_report_evidence_strict_baseline_raw,6,report_evidence_strict,baseline,raw,development,age,age_lt45,363,12,69,0.7961775878442545,0.13362199792681076,0.03305785123966942,0.19008264462809918,0.030533310272818883,0.024871758357473225,-0.008186092882196197,0.04049492480014768,0.2459966175142142,,,diagnostic_fit_of_frozen_predictions_not_recalibration,insufficient_group_support,True,False,False
6h_report_evidence_strict_baseline_raw,6,report_evidence_strict,baseline,raw,development,age,age_45_64,1112,106,341,0.7749399827450392,0.28032172496463004,0.09532374100719425,0.3066546762589928,0.07657231553485531,0.080552951576937,-0.014770789430257253,0.08714262627050282,0.12129896915013538,0.5804246988622126,1.1768393455346167,diagnostic_fit_of_frozen_predictions_not_recalibration,estimated_descriptive_only,False,False,False
6h_report_evidence_strict_baseline_raw,6,report_evidence_strict,baseline,raw,development,age,age_ge65,933,184,508,0.7327886457305393,0.3873955125222815,0.19721329046087888,0.5444801714898178,0.13653987731332048,0.2180028612676135,0.02078957080673463,0.16347516248912708,0.1647668353141909,-0.02774033947732686,1.1077484217626836,diagnostic_fit_of_frozen_predictions_not_recalibration,estimated_descriptive_only,False,False,False
6h_report_evidence_strict_baseline_raw,6,report_evidence_strict,baseline,raw,development,recorded_sex,sex_F,1238,104,406,0.8087903608736942,0.2994427843460815,0.0840064620355412,0.32794830371567046,0.06710271290358934,0.122320340075097,0.0383138780395558,0.07866406677512819,0.14697122009453867,-0.25537564138639895,1.1583670398067005,diagnostic_fit_of_frozen_predictions_not_recalibration,estimated_descriptive_only,False,False,False
6h_report_evidence_strict_baseline_raw,6,report_evidence_strict,baseline,raw,development,recorded_sex,sex_M,1170,198,512,0.7804095481564617,0.3850484940186822,0.16923076923076924,0.4376068376068376,0.12012867817305713,0.1286901016983164,-0.040540667532452834,0.14251151286324756,0.15705983495992182,0.2661941872311258,0.9234083972745463,diagnostic_fit_of_frozen_predictions_not_recalibration,estimated_descriptive_only,False,False,False
6h_report_evidence_strict_baseline_raw,6,report_evidence_strict,baseline,raw,development,recorded_sex,sex_unknown,0,0,0,,,,,,,,,,,,diagnostic_fit_of_frozen_predictions_not_recalibration,insufficient_group_support,True,False,False
6h_report_evidence_strict_baseline_raw,6,report_evidence_strict,baseline,raw,test,overall,all,1068,125,397,0.7749268292682927,0.2908034906458637,0.11704119850187265,0.3717228464419476,0.09092116680888818,0.11525873608105118,-0.0017824624208214734,0.10341268163611737,0.1207928721081194,-0.16849686986274945,0.8858760757100732,diagnostic_fit_of_frozen_predictions_not_recalibration,estimated_descriptive_only,False,False,False
6h_report_evidence_strict_baseline_raw,6,report_evidence_strict,baseline,raw,test,age,age_lt45,180,9,31,0.8206627680311891,0.4077972709551657,0.05,0.17222222222222222,0.04228814226784926,0.023879606944223766,-0.026120393055776236,0.05318746481826911,0.20492276869485415,,,diagnostic_fit_of_frozen_predictions_not_recalibration,insufficient_group_support,True,False,False
6h_report_evidence_strict_baseline_raw,6,report_evidence_strict,baseline,raw,test,age,age_45_64,491,41,148,0.7559078590785908,0.2870720229616269,0.0835030549898167,0.3014256619144603,0.06748214830539266,0.07447365244058242,-0.009029402549234275,0.07828692960299886,0.13801513678462507,0.36903017890279183,1.1059446746472776,diagnostic_fit_of_frozen_predictions_not_recalibration,estimated_descriptive_only,False,False,False
6h_report_evidence_strict_baseline_raw,6,report_evidence_strict,baseline,raw,test,age,age_ge65,397,75,218,0.6751552795031056,0.31423698391799,0.1889168765743073,0.5491183879093199,0.1419602159338336,0.20713208447424775,0.01821520789994044,0.1572597427834064,0.09728826067485574,-0.3437990308516784,0.819249249588921,diagnostic_fit_of_frozen_predictions_not_recalibration,estimated_descriptive_only,False,False,False
6h_report_evidence_strict_baseline_raw,6,report_evidence_strict,baseline,raw,test,recorded_sex,sex_F,516,36,160,0.7922743055555556,0.18528845265124216,0.06976744186046512,0.31007751937984496,0.06311336472453172,0.10981296272120245,0.04004552086073733,0.06799662807253781,0.07181625745907139,-0.6667756959808715,0.9352703406033047,diagnostic_fit_of_frozen_predictions_not_recalibration,estimated_descriptive_only,False,False,False
6h_report_evidence_strict_baseline_raw,6,report_evidence_strict,baseline,raw,test,recorded_sex,sex_M,552,89,237,0.77257504792875,0.37895099009741123,0.161231884057971,0.42934782608695654,0.11691541658339534,0.12034935030873568,-0.040882533749235325,0.136518992575985,0.14359596143136277,0.16721082656528186,0.8557787230331781,diagnostic_fit_of_frozen_predictions_not_recalibration,estimated_descriptive_only,False,False,False
6h_report_evidence_strict_baseline_raw,6,report_evidence_strict,baseline,raw,test,recorded_sex,sex_unknown,0,0,0,,,,,,,,,,,,diagnostic_fit_of_frozen_predictions_not_recalibration,insufficient_group_support,True,False,False
6h_report_evidence_strict_expanded_coded_hadm,6,report_evidence_strict,expanded_coded,hadm,development,overall,all,2478,315,1803,0.7842605434838444,0.3334886820908336,0.1271186440677966,0.7276029055690073,0.09480850482349533,0.1271186440677968,1.942890293094024e-16,0.11095949439816191,0.14555752675576472,-6.145690747513916e-09,0.9999999958525426,diagnostic_fit_of_frozen_predictions_not_recalibration,estimated_descriptive_only,False,False,False
6h_report_evidence_strict_expanded_coded_hadm,6,report_evidence_strict,expanded_coded,hadm,development,age,age_lt45,376,12,181,0.8068910256410257,0.13933553459729273,0.031914893617021274,0.48138297872340424,0.029372578437387407,0.026609356333369177,-0.005305537283652097,0.03996008728232898,0.2649520950777189,,,diagnostic_fit_of_frozen_predictions_not_recalibration,insufficient_group_support,True,False,False
6h_report_evidence_strict_expanded_coded_hadm,6,report_evidence_strict,expanded_coded,hadm,development,age,age_45_64,1153,113,828,0.7689925119128659,0.27250842212085485,0.09800520381613183,0.7181266261925412,0.0787621105976178,0.08152470379886514,-0.016480500017266683,0.08924777624437737,0.11748937719241115,0.7178574676351499,1.2385766430537135,diagnostic_fit_of_frozen_predictions_not_recalibration,estimated_descriptive_only,False,False,False
6h_report_evidence_strict_expanded_coded_hadm,6,report_evidence_strict,expanded_coded,hadm,development,age,age_ge65,949,190,794,0.7253900561680882,0.38408914932858357,0.20021074815595363,0.8366701791359326,0.14023042354173954,0.22233603639469088,0.022125288238737245,0.16546886015882092,0.15252680530256235,-0.06721571974209381,1.0769804166866526,diagnostic_fit_of_frozen_predictions_not_recalibration,estimated_descriptive_only,False,False,False
6h_report_evidence_strict_expanded_coded_hadm,6,report_evidence_strict,expanded_coded,hadm,development,recorded_sex,sex_F,1265,109,894,0.7998793689089235,0.28643175667653725,0.08616600790513834,0.7067193675889328,0.06956146816360768,0.12382899149525568,0.03766298359011734,0.08041854539550083,0.13500713272663312,-0.2814828553709642,1.125054362342125,diagnostic_fit_of_frozen_predictions_not_recalibration,estimated_descriptive_only,False,False,False
6h_report_evidence_strict_expanded_coded_hadm,6,report_evidence_strict,expanded_coded,hadm,development,recorded_sex,sex_M,1213,206,909,0.7790201598519104,0.38499576302577376,0.16982687551525144,0.7493816982687551,0.12113785467902558,0.13054932049340598,-0.03927755502184546,0.14280970090134826,0.15175331987631158,0.2718154635454026,0.9381188822393387,diagnostic_fit_of_frozen_predictions_not_recalibration,estimated_descriptive_only,False,False,False
6h_report_evidence_strict_expanded_coded_hadm,6,report_evidence_strict,expanded_coded,hadm,development,recorded_sex,sex_unknown,0,0,0,,,,,,,,,,,,diagnostic_fit_of_frozen_predictions_not_recalibration,insufficient_group_support,True,False,False
6h_report_evidence_strict_expanded_coded_hadm,6,report_evidence_strict,expanded_coded,hadm,test,overall,all,1103,134,811,0.7692959351847574,0.30019969365693566,0.1214868540344515,0.7352674524025385,0.09449269097903276,0.12058852338536206,-0.0008983306490894377,0.1067595153902429,0.1149014620979747,-0.2454278327142446,0.8419904564392926,diagnostic_fit_of_frozen_predictions_not_recalibration,estimated_descriptive_only,False,False,False
6h_report_evidence_strict_expanded_coded_hadm,6,report_evidence_strict,expanded_coded,hadm,test,age,age_lt45,183,9,99,0.8215197956577267,0.48778081360048575,0.04918032786885246,0.5409836065573771,0.040896496120734926,0.025720926514699687,-0.02345940135415277,0.05283600435149124,0.22597295872959655,,,diagnostic_fit_of_frozen_predictions_not_recalibration,insufficient_group_support,True,False,False
6h_report_evidence_strict_expanded_coded_hadm,6,report_evidence_strict,expanded_coded,hadm,test,age,age_45_64,507,44,375,0.7303652071470645,0.28245321093366493,0.08678500986193294,0.7396449704142012,0.07136114846372368,0.0749189000723923,-0.011866109789540641,0.08088017397344943,0.11769294058208335,0.20704060521243886,1.01577641159452,diagnostic_fit_of_frozen_predictions_not_recalibration,estimated_descriptive_only,False,False,False
6h_report_evidence_strict_expanded_coded_hadm,6,report_evidence_strict,expanded_coded,hadm,test,age,age_ge65,413,81,337,0.6766696415290793,0.33116717616017854,0.19612590799031476,0.8159806295399515,0.1466374747909705,0.21868844892290917,0.02256254093259441,0.16242253867936127,0.09718518142086241,-0.3877692266946624,0.7929183081234115,diagnostic_fit_of_frozen_predictions_not_recalibration,estimated_descriptive_only,False,False,False
6h_report_evidence_strict_expanded_coded_hadm,6,report_evidence_strict,expanded_coded,hadm,test,recorded_sex,sex_F,535,40,388,0.7821464646464646,0.19156776081355714,0.07476635514018691,0.7252336448598131,0.06859604337164846,0.11529411874059557,0.04052776360040866,0.07191710943519818,0.04617908157922013,-0.787042538397229,0.844931002082455,diagnostic_fit_of_frozen_predictions_not_recalibration,estimated_descriptive_only,False,False,False
6h_report_evidence_strict_expanded_coded_hadm,6,report_evidence_strict,expanded_coded,hadm,test,recorded_sex,sex_M,568,94,423,0.7666868659664243,0.3924699228972024,0.16549295774647887,0.7447183098591549,0.11888477983457973,0.12557533057717568,-0.039917627169303194,0.13957762663311077,0.1482533218086849,0.12009797550670916,0.8364715269951969,diagnostic_fit_of_frozen_predictions_not_recalibration,estimated_descriptive_only,False,False,False
6h_report_evidence_strict_expanded_coded_hadm,6,report_evidence_strict,expanded_coded,hadm,test,recorded_sex,sex_unknown,0,0,0,,,,,,,,,,,,diagnostic_fit_of_frozen_predictions_not_recalibration,insufficient_group_support,True,False,False
6h_report_evidence_strict_expanded_coded_raw,6,report_evidence_strict,expanded_coded,raw,development,overall,all,2408,302,918,0.7856832889945473,0.33255411268146,0.12541528239202657,0.3812292358803987,0.09368569210681833,0.12541528239202665,8.326672684688674e-17,0.109686289334555,0.14587600077283247,-6.90116054568001e-09,0.9999999954794216,diagnostic_fit_of_frozen_predictions_not_recalibration,estimated_descriptive_only,False,False,False
6h_report_evidence_strict_expanded_coded_raw,6,report_evidence_strict,expanded_coded,raw,development,age,age_lt45,363,12,69,0.8095916429249762,0.14789134298139442,0.03305785123966942,0.19008264462809918,0.030254073868436256,0.0252968412139503,-0.0077610100257191235,0.04049492480014768,0.252892207659417,,,diagnostic_fit_of_frozen_predictions_not_recalibration,insufficient_group_support,True,False,False
6h_report_evidence_strict_expanded_coded_raw,6,report_evidence_strict,expanded_coded,raw,development,age,age_45_64,1112,106,341,0.7783581529689786,0.27259851018882064,0.09532374100719425,0.3066546762589928,0.07660369550078223,0.0798490595353603,-0.015474681471833951,0.08714262627050282,0.12093887022645244,0.7150761872517805,1.2422151904364844,diagnostic_fit_of_frozen_predictions_not_recalibration,estimated_descriptive_only,False,False,False
6h_report_evidence_strict_expanded_coded_raw,6,report_evidence_strict,expanded_coded,raw,development,age,age_ge65,933,184,508,0.7236206246009171,0.3819471136064754,0.19721329046087888,0.5444801714898178,0.13872412473966325,0.21867641204288873,0.02146312158200986,0.16347516248912708,0.15140549409828574,-0.06559310031573104,1.0739500235846713,diagnostic_fit_of_frozen_predictions_not_recalibration,estimated_descriptive_only,False,False,False
6h_report_evidence_strict_expanded_coded_raw,6,report_evidence_strict,expanded_coded,raw,development,recorded_sex,sex_F,1238,104,406,0.8050552842219509,0.2870179517547482,0.0840064620355412,0.32794830371567046,0.06792825201887753,0.1223494513692278,0.0383429893336866,0.07866406677512819,0.1364767319612451,-0.2634393437254552,1.1486245393984846,diagnostic_fit_of_frozen_predictions_not_recalibration,estimated_descriptive_only,False,False,False
6h_report_evidence_strict_expanded_coded_raw,6,report_evidence_strict,expanded_coded,raw,development,recorded_sex,sex_M,1170,198,512,0.7790689820010808,0.3846920125050852,0.16923076923076924,0.4376068376068376,0.1209401458067074,0.12865929846572288,-0.04057147076504636,0.14251151286324756,0.15136578528388656,0.2713010845476615,0.928509635506247,diagnostic_fit_of_frozen_predictions_not_recalibration,estimated_descriptive_only,False,False,False
6h_report_evidence_strict_expanded_coded_raw,6,report_evidence_strict,expanded_coded,raw,development,recorded_sex,sex_unknown,0,0,0,,,,,,,,,,,,diagnostic_fit_of_frozen_predictions_not_recalibration,insufficient_group_support,True,False,False
6h_report_evidence_strict_expanded_coded_raw,6,report_evidence_strict,expanded_coded,raw,test,overall,all,1068,125,397,0.7707868504772004,0.28712221437461855,0.11704119850187265,0.3717228464419476,0.09205458923553685,0.11745135696278639,0.00041015846091373154,0.10341268163611737,0.10983268416292247,-0.2578404573519131,0.8449264609974096,diagnostic_fit_of_frozen_predictions_not_recalibration,estimated_descriptive_only,False,False,False
6h_report_evidence_strict_expanded_coded_raw,6,report_evidence_strict,expanded_coded,raw,test,age,age_lt45,180,9,31,0.8213125406107862,0.48937198067632853,0.05,0.17222222222222222,0.04151095247164343,0.02451753970529742,-0.025482460294702584,0.05318746481826911,0.2195350424488548,,,diagnostic_fit_of_frozen_predictions_not_recalibration,insufficient_group_support,True,False,False
6h_report_evidence_strict_expanded_coded_raw,6,report_evidence_strict,expanded_coded,raw,test,age,age_45_64,491,41,148,0.7473712737127371,0.28485187271841705,0.0835030549898167,0.3014256619144603,0.06830058383282574,0.07430013325899634,-0.009202921730820351,0.07828692960299886,0.1275608306624736,0.24876904375671058,1.0513683284869224,diagnostic_fit_of_frozen_predictions_not_recalibration,estimated_descriptive_only,False,False,False
6h_report_evidence_strict_expanded_coded_raw,6,report_evidence_strict,expanded_coded,raw,test,age,age_ge65,397,75,218,0.6699378881987578,0.31229502048882823,0.1889168765743073,0.5491183879093199,0.1443494790849877,0.21295598654694003,0.024039109972632727,0.1572597427834064,0.08209515970148829,-0.4324426110458419,0.7730691034618465,diagnostic_fit_of_frozen_predictions_not_recalibration,estimated_descriptive_only,False,False,False
6h_report_evidence_strict_expanded_coded_raw,6,report_evidence_strict,expanded_coded,raw,test,recorded_sex,sex_F,516,36,160,0.7902199074074074,0.17947987337042692,0.06976744186046512,0.31007751937984496,0.06549570537320905,0.1127348195219132,0.04296737766144808,0.06799662807253781,0.036780098811088346,-0.8208590892852005,0.8580035287506373,diagnostic_fit_of_frozen_predictions_not_recalibration,estimated_descriptive_only,False,False,False
6h_report_evidence_strict_expanded_coded_raw,6,report_evidence_strict,expanded_coded,raw,test,recorded_sex,sex_M,552,89,237,0.7661198340087849,0.3840819806476896,0.161231884057971,0.42934782608695654,0.1168813719764085,0.12186029413577669,-0.03937158992219432,0.136518992575985,0.14384533777339736,0.1193669431697713,0.8372933545374662,diagnostic_fit_of_frozen_predictions_not_recalibration,estimated_descriptive_only,False,False,False
6h_report_evidence_strict_expanded_coded_raw,6,report_evidence_strict,expanded_coded,raw,test,recorded_sex,sex_unknown,0,0,0,,,,,,,,,,,,diagnostic_fit_of_frozen_predictions_not_recalibration,insufficient_group_support,True,False,False
