score,observed_rate,count,isotonic_rate
3.0,0.11967213114754098,1220,0.10980006555227795
6.0,0.12223247232472324,2168,0.10980006555227795
9.0,0.10651386197016938,11867,0.10980006555227795
12.0,0.15330381324964532,23261,0.15330381324964532
15.0,0.17996619924176677,21893,0.17996619924176677
18.0,0.1990812570350765,32871,0.1990812570350765
21.0,0.266969312504956,50444,0.266969312504956
24.0,0.3171131239159761,41512,0.3171131239159761
27.0,0.356203288490284,26760,0.356203288490284
30.0,0.4153263954588458,19026,0.4153263954588458
33.0,0.4512787309809,15445,0.4512787309809
36.0,0.5022857557506712,13781,0.5022857557506712
39.0,0.5384416702539819,11615,0.5384416702539819
42.0,0.5834482758620689,7975,0.5834482758620689
45.0,0.6828282828282828,4950,0.6828282828282828
48.0,0.74373795761079,3114,0.74373795761079
51.0,0.81463173504696,2023,0.81463173504696
54.0,0.8680605623648161,1387,0.8680605623648161
57.0,0.8807339449541285,1090,0.8807339449541285
60.0,0.9271844660194175,824,0.9271844660194175
63.0,0.9300699300699301,572,0.9300699300699301
66.0,0.9518716577540107,374,0.9518716577540107
69.0,0.9838709677419355,248,0.963963963963964
72.0,0.9396551724137931,116,0.963963963963964
75.0,0.9375,80,0.963963963963964
78.0,1.0,43,1.0
