threshold,alert_count
0.0,8400
1.0,8320
2.0,8233
3.0,8143
4.0,8059
5.0,7971
6.0,7889
7.0,7803
8.0,7721
9.0,7651
10.0,7569
11.0,7492
12.0,7404
13.0,7318
14.0,7244
15.0,7159
16.0,7068
17.0,6999
18.0,6906
19.0,6820
20.0,6748
21.0,6662
22.0,6577
23.0,6479
24.0,6395
25.0,6317
26.0,6248
27.0,6168
28.0,6090
29.0,6000
30.0,5910
31.0,5823
32.0,5736
33.0,5651
34.0,5562
35.0,5486
36.0,5397
37.0,5289
38.0,5207
39.0,5138
40.0,5057
41.0,4985
42.0,4898
43.0,4835
44.0,4757
45.0,4664
46.0,4582
47.0,4513
48.0,4429
49.0,4349
50.0,4255
51.0,4191
52.0,4109
53.0,4015
54.0,3931
55.0,3846
56.0,3755
57.0,3675
58.0,3588
59.0,3516
60.0,3410
61.0,3315
62.0,3229
63.0,3140
64.0,3068
65.0,2975
66.0,2907
67.0,2833
68.0,2741
69.0,2652
70.0,2563
71.0,2481
72.0,2407
73.0,2337
74.0,2240
75.0,2144
76.0,2071
77.0,1986
78.0,1899
79.0,1814
80.0,1742
81.0,1643
82.0,1577
83.0,1494
84.0,1421
85.0,1351
86.0,1269
87.0,1168
88.0,1079
89.0,989
90.0,908
91.0,818
92.0,740
93.0,670
94.0,585
95.0,504
96.0,421
97.0,336
98.0,254
99.0,168
100.0,80
101.0,0
