K_fraction_requested,level,semantic_provenance_tier,K_absolute,K_fraction,capacity_period,capacity_floor,status,nominal_threshold,nominal_operational_threshold,nominal_alert_count,operational_threshold,adjusted_alert_count,adjusted_alert_fraction,adjusted,interpretation_guard,response_count,response_yield,TP,FP,FN,TN,recall,specificity,PPV,NPV,missed_cases
0.01,Low,A,4488,0.009999910874234633,analysis cohort,78.26086956521739,adjusted,39.130434782608695,39.130434782608695,163825,78.26086956521739,2641,0.005884528658389854,True,capacity changes operational threshold only; semantic provenance is preserved,582.0,0.2203710715638016,995.0,1646.0,30624.0,415539.0,0.03146842088617603,0.9960545081918094,0.3767512305944718,0.9313614082745544,30624.0
0.01,Mid,B,4488,0.009999910874234633,analysis cohort,78.26086956521739,adjusted,73.91304347826087,73.91304347826087,4845,78.26086956521739,2641,0.005884528658389854,True,capacity changes operational threshold only; semantic provenance is preserved,582.0,0.2203710715638016,995.0,1646.0,30624.0,415539.0,0.03146842088617603,0.9960545081918094,0.3767512305944718,0.9313614082745544,30624.0
0.01,High,B,4488,0.009999910874234633,analysis cohort,78.26086956521739,not_adjusted,86.95652173913044,86.95652173913044,354,86.95652173913044,354,0.0007887630235024643,False,capacity changes operational threshold only; semantic provenance is preserved,114.0,0.3220338983050847,143.0,211.0,31476.0,416974.0,0.004522597172586103,0.9994942291789014,0.403954802259887,0.9298115731965659,31476.0
0.02,Low,A,8976,0.019999821748469267,analysis cohort,73.91304347826087,adjusted,39.130434782608695,39.130434782608695,163825,73.91304347826087,4845,0.01079535833013966,True,capacity changes operational threshold only; semantic provenance is preserved,1019.0,0.21031991744066048,1811.0,3034.0,29808.0,414151.0,0.05727568866820582,0.9927274470558625,0.3737874097007224,0.9328586648767115,29808.0
0.02,Mid,B,8976,0.019999821748469267,analysis cohort,73.91304347826087,not_adjusted,73.91304347826087,73.91304347826087,4845,73.91304347826087,4845,0.01079535833013966,False,capacity changes operational threshold only; semantic provenance is preserved,1019.0,0.21031991744066048,1811.0,3034.0,29808.0,414151.0,0.05727568866820582,0.9927274470558625,0.3737874097007224,0.9328586648767115,29808.0
0.02,High,B,8976,0.019999821748469267,analysis cohort,73.91304347826087,not_adjusted,86.95652173913044,86.95652173913044,354,86.95652173913044,354,0.0007887630235024643,False,capacity changes operational threshold only; semantic provenance is preserved,114.0,0.3220338983050847,143.0,211.0,31476.0,416974.0,0.004522597172586103,0.9994942291789014,0.403954802259887,0.9298115731965659,31476.0
0.05,Low,A,22440,0.04999955437117316,analysis cohort,65.21739130434783,adjusted,39.130434782608695,39.130434782608695,163825,65.21739130434783,18004,0.040115506991916294,True,capacity changes operational threshold only; semantic provenance is preserved,3107.0,0.17257276160853144,5743.0,12261.0,25876.0,404924.0,0.18163129763749644,0.970610160959766,0.31898467007331704,0.9399350046425256,25876.0
0.05,Mid,B,22440,0.04999955437117316,analysis cohort,65.21739130434783,not_adjusted,73.91304347826087,73.91304347826087,4845,73.91304347826087,4845,0.01079535833013966,False,capacity changes operational threshold only; semantic provenance is preserved,1019.0,0.21031991744066048,1811.0,3034.0,29808.0,414151.0,0.05727568866820582,0.9927274470558625,0.3737874097007224,0.9328586648767115,29808.0
0.05,High,B,22440,0.04999955437117316,analysis cohort,65.21739130434783,not_adjusted,86.95652173913044,86.95652173913044,354,86.95652173913044,354,0.0007887630235024643,False,capacity changes operational threshold only; semantic provenance is preserved,114.0,0.3220338983050847,143.0,211.0,31476.0,416974.0,0.004522597172586103,0.9994942291789014,0.403954802259887,0.9298115731965659,31476.0
0.1,Low,A,44880,0.09999910874234633,analysis cohort,60.869565217391305,adjusted,39.130434782608695,39.130434782608695,163825,60.869565217391305,28688,0.06392099892157824,True,capacity changes operational threshold only; semantic provenance is preserved,4733.0,0.16498187395426658,8316.0,20372.0,23303.0,396813.0,0.26300642019039183,0.9511679470738401,0.2898773006134969,0.9445319864037551,23303.0
0.1,Mid,B,44880,0.09999910874234633,analysis cohort,60.869565217391305,not_adjusted,73.91304347826087,73.91304347826087,4845,73.91304347826087,4845,0.01079535833013966,False,capacity changes operational threshold only; semantic provenance is preserved,1019.0,0.21031991744066048,1811.0,3034.0,29808.0,414151.0,0.05727568866820582,0.9927274470558625,0.3737874097007224,0.9328586648767115,29808.0
0.1,High,B,44880,0.09999910874234633,analysis cohort,60.869565217391305,not_adjusted,86.95652173913044,86.95652173913044,354,86.95652173913044,354,0.0007887630235024643,False,capacity changes operational threshold only; semantic provenance is preserved,114.0,0.3220338983050847,143.0,211.0,31476.0,416974.0,0.004522597172586103,0.9994942291789014,0.403954802259887,0.9298115731965659,31476.0
0.2,Low,A,89760,0.19999821748469265,analysis cohort,52.17391304347826,adjusted,39.130434782608695,39.130434782608695,163825,52.17391304347826,65924,0.1468881739021934,True,capacity changes operational threshold only; semantic provenance is preserved,9664.0,0.14659304653843822,15384.0,50540.0,16235.0,366645.0,0.48654290142003226,0.8788547047472943,0.23335962623627207,0.9575976807354785,16235.0
0.2,Mid,B,89760,0.19999821748469265,analysis cohort,52.17391304347826,not_adjusted,73.91304347826087,73.91304347826087,4845,73.91304347826087,4845,0.01079535833013966,False,capacity changes operational threshold only; semantic provenance is preserved,1019.0,0.21031991744066048,1811.0,3034.0,29808.0,414151.0,0.05727568866820582,0.9927274470558625,0.3737874097007224,0.9328586648767115,29808.0
0.2,High,B,89760,0.19999821748469265,analysis cohort,52.17391304347826,not_adjusted,86.95652173913044,86.95652173913044,354,86.95652173913044,354,0.0007887630235024643,False,capacity changes operational threshold only; semantic provenance is preserved,114.0,0.3220338983050847,143.0,211.0,31476.0,416974.0,0.004522597172586103,0.9994942291789014,0.403954802259887,0.9298115731965659,31476.0
0.3,Low,A,134641,0.29999955437117315,analysis cohort,43.47826086956522,adjusted,39.130434782608695,39.130434782608695,163825,43.47826086956522,125321,0.2792332510405433,True,capacity changes operational threshold only; semantic provenance is preserved,15375.0,0.12268494506108314,22614.0,102707.0,9005.0,314478.0,0.7152028843416933,0.7538094610304781,0.18044860797472093,0.9721623702018344,9005.0
0.3,Mid,B,134641,0.29999955437117315,analysis cohort,43.47826086956522,not_adjusted,73.91304347826087,73.91304347826087,4845,73.91304347826087,4845,0.01079535833013966,False,capacity changes operational threshold only; semantic provenance is preserved,1019.0,0.21031991744066048,1811.0,3034.0,29808.0,414151.0,0.05727568866820582,0.9927274470558625,0.3737874097007224,0.9328586648767115,29808.0
0.3,High,B,134641,0.29999955437117315,analysis cohort,43.47826086956522,not_adjusted,86.95652173913044,86.95652173913044,354,86.95652173913044,354,0.0007887630235024643,False,capacity changes operational threshold only; semantic provenance is preserved,114.0,0.3220338983050847,143.0,211.0,31476.0,416974.0,0.004522597172586103,0.9994942291789014,0.403954802259887,0.9298115731965659,31476.0
