K_fraction_requested,level,semantic_provenance_tier,K_absolute,K_fraction,capacity_period,capacity_floor,status,nominal_threshold,nominal_operational_threshold,nominal_alert_count,operational_threshold,adjusted_alert_count,adjusted_alert_fraction,adjusted,interpretation_guard,response_count,response_yield,TP,FP,FN,TN,recall,specificity,PPV,NPV,missed_cases
0.01,Low,A,4488,0.009999910874234633,analysis cohort,23.0,adjusted,5.0,5.0,207355,23.0,4374,0.00974590244293723,True,capacity changes operational threshold only; semantic provenance is preserved,3597.0,0.8223593964334706,1835.0,2539.0,15808.0,428622.0,0.1040072550019838,0.9941112484663501,0.4195244627343393,0.9644308440024301,15808.0
0.01,Mid,A,4488,0.009999910874234633,analysis cohort,23.0,adjusted,14.0,14.0,32170,23.0,4374,0.00974590244293723,True,capacity changes operational threshold only; semantic provenance is preserved,3597.0,0.8223593964334706,1835.0,2539.0,15808.0,428622.0,0.1040072550019838,0.9941112484663501,0.4195244627343393,0.9644308440024301,15808.0
0.01,High,A,4488,0.009999910874234633,analysis cohort,23.0,not_adjusted,24.0,24.0,3474,24.0,3474,0.007740572722168252,False,capacity changes operational threshold only; semantic provenance is preserved,2921.0,0.8408175014392631,1532.0,1942.0,16111.0,429219.0,0.08683330499348184,0.9954958820487011,0.4409902130109384,0.963822333999506,16111.0
0.02,Low,A,8976,0.019999821748469267,analysis cohort,20.0,adjusted,5.0,5.0,207355,20.0,8699,0.01938262582329926,True,capacity changes operational threshold only; semantic provenance is preserved,6719.0,0.7723876307621566,3076.0,5623.0,14567.0,425538.0,0.17434676642294394,0.9869584679504871,0.3536038625129325,0.9669010804239897,14567.0
0.02,Mid,A,8976,0.019999821748469267,analysis cohort,20.0,adjusted,14.0,14.0,32170,20.0,8699,0.01938262582329926,True,capacity changes operational threshold only; semantic provenance is preserved,6719.0,0.7723876307621566,3076.0,5623.0,14567.0,425538.0,0.17434676642294394,0.9869584679504871,0.3536038625129325,0.9669010804239897,14567.0
0.02,High,A,8976,0.019999821748469267,analysis cohort,20.0,not_adjusted,24.0,24.0,3474,24.0,3474,0.007740572722168252,False,capacity changes operational threshold only; semantic provenance is preserved,2921.0,0.8408175014392631,1532.0,1942.0,16111.0,429219.0,0.08683330499348184,0.9954958820487011,0.4409902130109384,0.963822333999506,16111.0
0.05,Low,A,22440,0.04999955437117316,analysis cohort,16.0,adjusted,5.0,5.0,207355,16.0,21330,0.04752631438222476,True,capacity changes operational threshold only; semantic provenance is preserved,14612.0,0.6850445382090952,5494.0,15836.0,12149.0,415325.0,0.31139828827296945,0.9632712606195829,0.2575714955461791,0.9715795580549929,12149.0
0.05,Mid,A,22440,0.04999955437117316,analysis cohort,16.0,adjusted,14.0,14.0,32170,16.0,21330,0.04752631438222476,True,capacity changes operational threshold only; semantic provenance is preserved,14612.0,0.6850445382090952,5494.0,15836.0,12149.0,415325.0,0.31139828827296945,0.9632712606195829,0.2575714955461791,0.9715795580549929,12149.0
0.05,High,A,22440,0.04999955437117316,analysis cohort,16.0,not_adjusted,24.0,24.0,3474,24.0,3474,0.007740572722168252,False,capacity changes operational threshold only; semantic provenance is preserved,2921.0,0.8408175014392631,1532.0,1942.0,16111.0,429219.0,0.08683330499348184,0.9954958820487011,0.4409902130109384,0.963822333999506,16111.0
0.1,Low,A,44880,0.09999910874234633,analysis cohort,13.0,adjusted,5.0,5.0,207355,13.0,42237,0.09411012379568809,True,capacity changes operational threshold only; semantic provenance is preserved,25171.0,0.595946681819258,7781.0,34456.0,9862.0,396705.0,0.44102476903021026,0.9200855364933285,0.18422236427776595,0.9757432354322904,9862.0
0.1,Mid,A,44880,0.09999910874234633,analysis cohort,13.0,not_adjusted,14.0,14.0,32170,14.0,32170,0.07167939679681999,False,capacity changes operational threshold only; semantic provenance is preserved,20676.0,0.6427105999378303,6828.0,25342.0,10815.0,405819.0,0.3870090120727767,0.9412238119867057,0.21224743549891203,0.9740419648900474,10815.0
0.1,High,A,44880,0.09999910874234633,analysis cohort,13.0,not_adjusted,24.0,24.0,3474,24.0,3474,0.007740572722168252,False,capacity changes operational threshold only; semantic provenance is preserved,2921.0,0.8408175014392631,1532.0,1942.0,16111.0,429219.0,0.08683330499348184,0.9954958820487011,0.4409902130109384,0.963822333999506,16111.0
0.2,Low,A,89760,0.19999821748469265,analysis cohort,10.0,adjusted,5.0,5.0,207355,10.0,80067,0.17840081639201077,True,capacity changes operational threshold only; semantic provenance is preserved,41025.0,0.5123833789201544,10376.0,69691.0,7267.0,361470.0,0.5881085983109449,0.8383643233038238,0.12959146714626502,0.9802921865720012,7267.0
0.2,Mid,A,89760,0.19999821748469265,analysis cohort,10.0,not_adjusted,14.0,14.0,32170,14.0,32170,0.07167939679681999,False,capacity changes operational threshold only; semantic provenance is preserved,20676.0,0.6427105999378303,6828.0,25342.0,10815.0,405819.0,0.3870090120727767,0.9412238119867057,0.21224743549891203,0.9740419648900474,10815.0
0.2,High,A,89760,0.19999821748469265,analysis cohort,10.0,not_adjusted,24.0,24.0,3474,24.0,3474,0.007740572722168252,False,capacity changes operational threshold only; semantic provenance is preserved,2921.0,0.8408175014392631,1532.0,1942.0,16111.0,429219.0,0.08683330499348184,0.9954958820487011,0.4409902130109384,0.963822333999506,16111.0
0.3,Low,A,134641,0.29999955437117315,analysis cohort,8.0,adjusted,5.0,5.0,207355,8.0,131139,0.2921965936132477,True,capacity changes operational threshold only; semantic provenance is preserved,59437.0,0.45323664203631264,12885.0,118254.0,4758.0,312907.0,0.7303179731338207,0.725731223371316,0.09825452382586417,0.9850219570931642,4758.0
0.3,Mid,A,134641,0.29999955437117315,analysis cohort,8.0,not_adjusted,14.0,14.0,32170,14.0,32170,0.07167939679681999,False,capacity changes operational threshold only; semantic provenance is preserved,20676.0,0.6427105999378303,6828.0,25342.0,10815.0,405819.0,0.3870090120727767,0.9412238119867057,0.21224743549891203,0.9740419648900474,10815.0
0.3,High,A,134641,0.29999955437117315,analysis cohort,8.0,not_adjusted,24.0,24.0,3474,24.0,3474,0.007740572722168252,False,capacity changes operational threshold only; semantic provenance is preserved,2921.0,0.8408175014392631,1532.0,1942.0,16111.0,429219.0,0.08683330499348184,0.9954958820487011,0.4409902130109384,0.963822333999506,16111.0
